LTT,FUT,ATMstrike,PrevClose,LTP,High,Low,NetDecay,CE_COI,PE_COI,CE_Max,PE_Max,CE_MaxStr,PE_MaxStr,SPOT,PrevLTP,AVG
09:15:14,17328,17350,265.3,218.45,217.55,226.9,-46.85,-1335750,-685700,24100,23100,18450,14750,17304,219,218.45
09:15:26,17324,17350,265.3,225.2,217.55,226.9,-40.1,-1263200,-467550,24100,23100,18450,14750,17300,227,221.82
09:15:37,17316,17350,265.3,222.75,217.55,226.9,-42.55,-1248550,-467550,24100,23100,18450,14750,17295,224,222.13
09:15:49,17311,17350,265.3,222.25,217.55,225.0,-43.05,-947450,-405750,24100,23100,18450,14750,17296,223,222.16
09:16:04,17312,17350,265.3,218.95,217.55,223.0,-46.35,-736200,-373100,24100,23100,18450,14750,17287,221,221.52
09:16:15,17311,17350,265.3,223.5,217.55,223.0,-41.8,-736200,-375600,24100,23100,18450,14750,17283,223,221.85
09:16:26,17311,17350,265.3,223.95,217.55,223.0,-41.35,-769300,-375600,17600,23100,18750,14750,17283,225,222.15
09:16:39,17317,17350,265.3,224.2,217.55,223.0,-41.1,-771050,-338200,17600,23100,18750,14750,17289,225,222.41
09:16:52,17315,17350,265.3,225.1,217.55,223.0,-40.2,-722200,-341200,7100,23100,19350,14750,17290,226,222.71
09:17:06,17306,17350,265.3,224.85,217.55,224.4,-40.45,-722200,-71400,7100,23100,19350,14750,17275,224,222.92
09:17:19,17300,17300,265.3,225.5,217.55,226.15,-39.8,-722200,-75400,7100,23100,19350,14750,17275,225,223.15
09:17:31,17302,17300,265.3,228.0,217.55,226.2,-37.3,-383700,307950,345250,404050,17500,17000,17273,227,223.56
09:17:43,17300,17300,265.3,227.85,217.55,226.2,-37.45,1669250,1931500,453100,566350,17300,17200,17274,228,223.89
09:17:56,17300,17300,265.3,228.4,217.55,226.45,-36.9,1669350,1960400,453100,566350,17300,17200,17268,229,224.21
09:18:09,17301,17300,265.3,227.55,217.55,226.45,-37.75,1671250,1951300,453100,566350,17300,17200,17269,228,224.43
09:18:21,17311,17300,265.3,226.4,217.55,226.45,-38.9,1671250,1974900,453100,566350,17300,17200,17275,226,224.56
09:18:31,17315,17300,265.3,225.3,217.55,226.45,-40.0,1671400,1974900,453100,566350,17300,17200,17281,226,224.6
09:18:43,17314,17300,265.3,225.55,217.55,226.45,-39.75,1671250,1973250,453100,566350,17300,17200,17281,225,224.65
09:18:55,17315,17300,265.3,224.25,217.55,226.45,-41.05,1671250,1973400,453100,566350,17300,17200,17286,225,224.63
09:19:07,17322,17300,265.3,222.6,217.55,226.45,-42.7,1670400,1973400,453100,566350,17300,17200,17293,223,224.53
09:19:17,17320,17300,265.3,221.8,217.55,226.45,-43.5,1670400,1973400,453100,566350,17300,17200,17296,222,224.4
09:19:30,17320,17300,265.3,223.05,217.55,226.45,-42.25,1670350,1973750,453100,566350,17300,17200,17292,223,224.34
09:19:41,17322,17300,265.3,223.3,217.55,226.45,-42.0,1692300,1973950,453100,566350,17300,17200,17294,223,224.29
09:19:55,17321,17300,265.3,223.5,217.55,226.45,-41.8,1692300,1973950,453100,566350,17300,17200,17296,223,224.26
09:20:08,17329,17300,265.3,223.6,217.55,226.45,-41.7,1693700,1973950,453100,566350,17300,17200,17298,224,224.23
09:20:21,17326,17300,265.3,223.95,217.55,226.45,-41.35,1693700,1973950,453100,566350,17300,17200,17299,224,224.22
09:20:32,17329,17300,265.3,223.95,217.55,226.45,-41.35,1979300,2223850,453100,622600,17300,17000,17305,224,224.21
09:20:43,17331,17300,265.3,223.8,217.55,226.45,-41.5,2695650,3730050,686800,1086600,17300,17300,17307,224,224.2
09:20:54,17330,17300,265.3,225.0,217.55,226.45,-40.3,2693000,3733150,686800,1086600,17300,17300,17304,224,224.23
09:21:05,17330,17300,265.3,224.7,217.55,226.45,-40.6,2692650,3733350,686800,1086600,17300,17300,17305,225,224.24
09:21:17,17334,17300,265.3,225.2,217.55,226.45,-40.1,2689200,3734000,686800,1086600,17300,17300,17312,225,224.27
09:21:28,17335,17300,265.3,225.45,217.55,226.45,-39.85,2688550,3731700,686800,1086600,17300,17300,17309,225,224.31
09:21:40,17333,17300,265.3,225.4,217.55,226.45,-39.9,2665400,3731700,686800,1086600,17300,17300,17309,226,224.34
09:21:52,17333,17300,265.3,225.25,217.55,226.45,-40.05,2665400,3731700,686800,1086600,17300,17300,17312,226,224.37
09:22:04,17333,17300,265.3,225.1,217.55,226.45,-40.2,2665400,3731700,686800,1086600,17300,17300,17310,225,224.39
09:22:15,17334,17300,265.3,224.8,217.55,226.45,-40.5,2665400,3731700,686800,1086600,17300,17300,17308,225,224.4
09:22:31,17328,17300,265.3,224.4,217.55,226.45,-40.9,2665400,3731700,686800,1086600,17300,17300,17303,225,224.4
09:22:42,17329,17300,265.3,224.65,217.55,226.45,-40.65,2792550,3731800,686800,1086600,17300,17300,17303,225,224.41
09:22:53,17327,17300,265.3,225.5,217.55,226.45,-39.8,2792550,3731450,686800,1086600,17300,17300,17306,225,224.44
09:23:04,17328,17300,265.3,225.6,217.55,226.45,-39.7,2792550,3731150,686800,1086600,17300,17300,17301,226,224.46
09:23:18,17329,17300,265.3,224.95,217.55,226.45,-40.35,2790350,3731150,686800,1086600,17300,17300,17304,224,224.48
09:23:29,17321,17300,265.3,225.85,217.55,226.45,-39.45,2971450,3772350,686800,1086600,17300,17300,17300,226,224.51
09:23:41,17314,17300,265.3,225.05,217.55,226.45,-40.25,3774000,4942250,893000,1404000,17300,17300,17291,225,224.52
09:23:51,17307,17300,265.3,225.7,217.55,226.45,-39.6,3808150,4943000,893000,1404000,17300,17300,17284,225,224.55
09:24:02,17308,17300,265.3,225.85,217.55,226.45,-39.45,3805450,4941150,893000,1404000,17300,17300,17282,226,224.58
09:24:12,17306,17300,265.3,225.0,217.55,226.45,-40.3,3805250,4929050,893000,1404000,17300,17300,17281,225,224.59
09:24:22,17301,17300,265.3,226.45,217.55,226.45,-38.85,3805250,4929000,893000,1404000,17300,17300,17278,227,224.63
09:24:31,17308,17300,265.3,226.05,217.55,226.45,-39.25,3873350,4929000,893000,1404000,17300,17300,17281,226,224.66
09:24:42,17305,17300,265.3,226.5,217.55,226.45,-38.8,3873350,4928850,893000,1404000,17300,17300,17278,226,224.69
09:24:54,17303,17300,265.3,225.85,217.55,226.45,-39.45,3873350,4928850,893000,1404000,17300,17300,17276,226,224.72
09:25:04,17294,17300,265.3,226.75,217.55,226.0,-38.55,3871900,4929150,893000,1404000,17300,17300,17270,227,224.76
09:25:18,17293,17300,265.3,224.7,217.55,226.2,-40.6,3871900,4929150,893000,1404000,17300,17300,17265,225,224.76
09:25:31,17300,17300,265.3,223.45,217.55,226.2,-41.85,3871850,4929150,893000,1404000,17300,17300,17271,224,224.73
09:25:41,17303,17300,265.3,223.75,217.55,226.2,-41.55,3871850,4928300,893000,1404000,17300,17300,17275,224,224.71
09:25:51,17309,17300,265.3,223.95,217.55,226.2,-41.35,3870050,4928300,893000,1404000,17300,17300,17279,224,224.7
09:26:01,17315,17300,265.3,223.2,217.55,226.2,-42.1,3870050,4928000,893000,1404000,17300,17300,17282,223,224.67
09:26:12,17314,17300,265.3,222.95,217.55,226.2,-42.35,3869950,4928000,893000,1404000,17300,17300,17283,223,224.64
09:26:24,17313,17300,265.3,223.1,217.55,226.2,-42.2,3870400,4928000,893000,1404000,17300,17300,17283,224,224.62
09:26:34,17314,17300,265.3,223.4,217.55,226.2,-41.9,4015900,4925600,893000,1404000,17300,17300,17284,224,224.59
09:26:45,17318,17300,265.3,222.9,217.55,226.2,-42.4,5029500,5992600,1231850,1689750,17300,17300,17284,223,224.57
09:26:56,17316,17300,265.3,222.95,217.55,226.2,-42.35,5027650,5990100,1231850,1689750,17300,17300,17287,223,224.54
09:27:09,17318,17300,265.3,221.8,217.55,226.2,-43.5,5027650,5986200,1231850,1689750,17300,17300,17288,222,224.5
09:27:21,17318,17300,265.3,221.5,217.55,226.2,-43.8,5027650,5985250,1231850,1689750,17300,17300,17289,221,224.45
09:27:33,17322,17300,265.3,222.05,217.55,226.2,-43.25,5027650,5984650,1231850,1689750,17300,17300,17291,222,224.41
09:27:44,17324,17300,265.3,221.8,217.55,226.2,-43.5,5027750,5982400,1231850,1689750,17300,17300,17295,222,224.37
09:27:57,17330,17300,265.3,222.0,217.55,226.2,-43.3,5023800,5982750,1231850,1689750,17300,17300,17299,222,224.33
09:28:08,17335,17300,265.3,221.85,217.55,226.2,-43.45,5023800,5983150,1231850,1689750,17300,17300,17302,222,224.3
09:28:19,17334,17300,265.3,221.85,217.55,226.2,-43.45,5023800,5982650,1231850,1689750,17300,17300,17302,222,224.26
09:28:31,17327,17300,265.3,221.4,217.55,226.2,-43.9,5023800,5982600,1231850,1689750,17300,17300,17297,220,224.22
09:28:42,17331,17300,265.3,220.45,217.55,226.2,-44.85,5023800,5982600,1231850,1689750,17300,17300,17296,221,224.17
09:28:53,17330,17300,265.3,221.15,217.55,226.2,-44.15,5023800,5982600,1231850,1689750,17300,17300,17297,221,224.12
09:29:04,17326,17300,265.3,220.85,217.55,226.2,-44.45,5023800,5982600,1231850,1689750,17300,17300,17294,221,224.08
09:29:17,17326,17300,265.3,220.6,217.55,226.2,-44.7,5023500,5982600,1231850,1689750,17300,17300,17293,220,224.03
09:29:28,17326,17300,265.3,220.35,217.55,226.2,-44.95,5023500,5981700,1231850,1689750,17300,17300,17295,220,223.98
09:29:40,17325,17300,265.3,220.3,217.55,226.2,-45.0,5316750,7600850,1355550,1991800,17300,17300,17291,220,223.93
09:29:53,17324,17300,265.3,218.9,217.55,226.2,-46.4,5261450,7585250,1355550,1991800,17300,17300,17290,220,223.87
09:30:05,17322,17300,265.3,218.4,217.55,226.2,-46.9,5255850,7580250,1355550,1991800,17300,17300,17288,218,223.79
09:30:15,17323,17300,265.3,218.6,217.55,226.2,-46.7,5247450,7579300,1355550,1991800,17300,17300,17288,219,223.73
09:30:27,17320,17300,265.3,218.95,217.55,226.2,-46.35,5248350,7580750,1355550,1991800,17300,17300,17285,219,223.67
09:30:38,17316,17300,265.3,219.35,217.55,226.2,-45.95,5248350,7580750,1355550,1991800,17300,17300,17285,219,223.61
09:30:50,17313,17300,265.3,218.55,217.55,226.2,-46.75,5247850,7580700,1355550,1991800,17300,17300,17281,219,223.55
09:31:01,17313,17300,265.3,218.5,217.55,226.2,-46.8,5247850,7580700,1355550,1991800,17300,17300,17279,219,223.49
09:31:12,17312,17300,265.3,218.9,217.55,226.2,-46.4,5247850,7580600,1355550,1991800,17300,17300,17275,219,223.43
09:31:22,17307,17300,265.3,219.7,217.55,226.2,-45.6,5247850,7580600,1355550,1991800,17300,17300,17272,219,223.39
09:31:34,17322,17300,265.3,219.2,217.55,226.2,-46.1,5247400,7580600,1355550,1991800,17300,17300,17284,219,223.34
09:31:45,17317,17300,265.3,220.3,217.55,226.2,-45.0,5247600,7580550,1355550,1991800,17300,17300,17280,220,223.31
09:31:57,17310,17300,265.3,221.1,217.55,226.2,-44.2,5247700,7580550,1355550,1991800,17300,17300,17274,221,223.28
09:32:08,17306,17300,265.3,219.9,217.55,226.2,-45.4,5247700,7580150,1355550,1991800,17300,17300,17270,220,223.24
09:32:19,17313,17300,265.3,220.3,217.55,226.2,-45.0,5247750,7580150,1355550,1991800,17300,17300,17275,220,223.21
09:32:31,17317,17300,265.3,219.4,217.55,226.2,-45.9,5247750,7599300,1355550,1991800,17300,17300,17280,220,223.17
09:32:42,17315,17300,265.3,219.65,217.55,226.2,-45.65,6160750,8788700,1542200,2171000,17300,17300,17279,219,223.13
09:32:54,17322,17300,265.3,219.25,217.55,226.2,-46.05,6153200,8789850,1542200,2171000,17300,17300,17283,220,223.09
09:33:07,17328,17300,265.3,218.35,217.55,226.2,-46.95,6147900,8785750,1542200,2171000,17300,17300,17289,219,223.03
09:33:18,17329,17300,265.3,218.1,217.55,226.2,-47.2,6139500,8786050,1542200,2171000,17300,17300,17289,218,222.98
09:33:30,17323,17300,265.3,217.8,217.55,226.2,-47.5,6139500,8784350,1542200,2171000,17300,17300,17286,218,222.93
09:33:42,17325,17300,265.3,216.65,217.55,226.2,-48.65,6139500,8783650,1542200,2171000,17300,17300,17285,217,222.86
09:33:52,17326,17300,265.3,217.65,217.55,226.2,-47.65,6139750,8783650,1542200,2171000,17300,17300,17287,218,222.81
09:34:05,17323,17300,265.3,217.8,217.55,226.2,-47.5,6139750,8783650,1542200,2171000,17300,17300,17288,218,222.76
09:34:16,17325,17300,265.3,216.9,217.55,226.2,-48.4,6140050,8783250,1542200,2171000,17300,17300,17286,217,222.7
09:34:28,17323,17300,265.3,216.4,217.55,226.2,-48.9,6139800,8783250,1542200,2171000,17300,17300,17285,216,222.64
09:34:39,17317,17300,265.3,216.2,217.55,226.2,-49.1,6139800,8783250,1542200,2171000,17300,17300,17283,216,222.57
09:34:48,17315,17300,265.3,217.15,217.55,226.2,-48.15,6140300,8783250,1542200,2171000,17300,17300,17282,217,222.52
09:34:59,17319,17300,265.3,217.95,217.55,226.2,-47.35,6140300,8783250,1542200,2171000,17300,17300,17284,218,222.47
09:35:11,17313,17300,265.3,217.35,217.55,226.2,-47.95,6140300,8783850,1542200,2171000,17300,17300,17282,217,222.42
09:35:22,17315,17300,265.3,217.9,217.55,226.2,-47.4,6140300,8782800,1542200,2171000,17300,17300,17282,218,222.38
09:35:33,17319,17300,265.3,217.25,217.55,226.2,-48.05,6206750,8802600,1542200,2171000,17300,17300,17284,217,222.33
09:35:43,17322,17300,265.3,216.95,217.55,226.2,-48.35,6558900,9832600,1681800,2296450,17300,17300,17286,218,222.28
09:35:54,17325,17300,265.3,216.35,217.55,226.2,-48.95,6541300,9837100,1681800,2296450,17300,17300,17289,216,222.23
09:36:04,17329,17300,265.3,216.8,217.55,226.2,-48.5,6546750,9835400,1681800,2296450,17300,17300,17291,217,222.18
09:36:16,17326,17300,265.3,217.35,217.55,226.2,-47.95,6546450,9833350,1681800,2296450,17300,17300,17292,218,222.13
09:36:26,17333,17300,265.3,217.85,217.55,226.2,-47.45,6531600,9833250,1681800,2296450,17300,17300,17296,218,222.1
09:36:38,17336,17300,265.3,217.0,217.55,226.2,-48.3,6532550,9833250,1681800,2296450,17300,17300,17297,217,222.05
09:36:50,17334,17300,265.3,217.55,217.55,226.2,-47.75,6500600,9833300,1681800,2296450,17300,17300,17299,218,222.01
09:37:00,17330,17300,265.3,217.5,217.55,226.2,-47.8,6497350,9833300,1681800,2296450,17300,17300,17296,217,221.97
09:37:10,17332,17300,265.3,217.65,217.55,226.2,-47.65,6496950,9833300,1681800,2296450,17300,17300,17296,217,221.93
09:37:21,17333,17300,265.3,217.6,217.55,226.2,-47.7,6496800,9833300,1681800,2296450,17300,17300,17301,218,221.9
09:37:33,17338,17300,265.3,217.4,217.55,226.2,-47.9,6494750,9833300,1681800,2296450,17300,17300,17304,218,221.86
09:37:43,17336,17300,265.3,217.6,217.55,226.2,-47.7,6494750,9833700,1681800,2296450,17300,17300,17304,218,221.82
09:37:56,17336,17300,265.3,217.55,217.55,226.2,-47.75,6485400,9833750,1681800,2296450,17300,17300,17305,218,221.79
09:38:06,17342,17300,265.3,217.4,217.55,226.2,-47.9,6485400,9833900,1681800,2296450,17300,17300,17309,217,221.75
09:38:16,17342,17300,265.3,217.4,217.55,226.2,-47.9,6485400,9833900,1681800,2296450,17300,17300,17308,217,221.71
09:38:27,17344,17300,265.3,217.75,217.55,226.2,-47.55,6485400,9834100,1681800,2296450,17300,17300,17310,218,221.68
09:38:39,17346,17300,265.3,217.65,217.15,226.2,-47.65,6468750,10219300,1681800,2296450,17300,17300,17312,218,221.65
09:38:51,17343,17300,265.3,218.1,216.85,226.2,-47.2,6435400,11190100,1707750,2433500,17300,17300,17308,219,221.62
09:39:03,17341,17300,265.3,218.3,216.85,226.2,-47.0,6433650,11186950,1707750,2433500,17300,17300,17310,218,221.59
09:39:15,17342,17300,265.3,218.7,216.85,226.2,-46.6,6431900,11186350,1707750,2433500,17300,17300,17310,218,221.57
09:39:25,17345,17300,265.3,219.25,216.85,226.2,-46.05,6432650,11186150,1707750,2433500,17300,17300,17312,219,221.55
09:39:37,17345,17300,265.3,218.75,216.85,226.2,-46.55,6431550,11186400,1707750,2433500,17300,17300,17312,219,221.53
09:39:48,17347,17300,265.3,219.65,216.85,226.2,-45.65,6432600,11186400,1707750,2433500,17300,17300,17315,220,221.51
09:39:58,17349,17300,265.3,219.85,216.0,226.2,-45.45,6431150,11184100,1707750,2433500,17300,17300,17314,220,221.5
09:40:12,17358,17350,265.3,212.65,213.4,226.2,-52.65,6430450,11184200,1707750,2433500,17300,17300,17320,222,221.43
09:40:24,17355,17350,265.3,213.75,212.95,226.2,-51.55,6430500,11184200,1707750,2433500,17300,17300,17319,221,221.38
09:40:37,17352,17350,265.3,214.2,212.95,226.2,-51.1,6430450,11184200,1707750,2433500,17300,17300,17318,222,221.32
09:40:48,17354,17350,265.3,214.35,212.95,226.2,-50.95,6430450,11182000,1707750,2433500,17300,17300,17319,223,221.27
09:40:59,17349,17350,265.3,213.95,212.95,226.2,-51.35,6430450,11182000,1707750,2433500,17300,17300,17315,222,221.22
09:41:11,17351,17350,265.3,212.35,212.95,226.2,-52.95,6430450,11182000,1707750,2433500,17300,17300,17314,220,221.15
09:41:21,17346,17350,265.3,213.2,212.95,226.2,-52.1,6430400,11181950,1707750,2433500,17300,17300,17310,219,221.09
09:41:33,17348,17350,265.3,213.75,212.95,226.2,-51.55,6430400,11181950,1707750,2433500,17300,17300,17310,221,221.04
09:41:45,17346,17350,265.3,213.75,212.95,226.2,-51.55,6095750,12246750,1655600,2615800,17300,17300,17309,221,220.99
09:41:56,17346,17350,265.3,213.15,212.95,226.2,-52.15,5966750,12234650,1655600,2615800,17300,17300,17310,221,220.93
09:42:10,17345,17350,265.3,213.65,212.95,226.2,-51.65,5963550,12234750,1655600,2615800,17300,17300,17308,220,220.88
09:42:22,17347,17350,265.3,213.8,212.95,226.2,-51.5,5963950,12234600,1655600,2615800,17300,17300,17309,221,220.83
09:42:33,17351,17350,265.3,213.8,212.95,226.2,-51.5,5964050,12234750,1655600,2615800,17300,17300,17311,222,220.78
09:42:44,17352,17350,265.3,214.55,212.95,226.2,-50.75,5964050,12234650,1655600,2615800,17300,17300,17313,222,220.74
09:42:54,17349,17350,265.3,214.9,212.95,226.2,-50.4,5968050,12232150,1655600,2615800,17300,17300,17309,222,220.7
09:43:06,17350,17350,265.3,214.65,212.95,226.2,-50.65,5968050,12209050,1655600,2615800,17300,17300,17311,222,220.66
09:43:17,17347,17350,265.3,214.8,212.95,226.2,-50.5,5969300,12209100,1655600,2615800,17300,17300,17311,222,220.62
09:43:28,17345,17350,265.3,213.05,212.95,226.2,-52.25,5969250,12209100,1655600,2615800,17300,17300,17308,220,220.56
09:43:40,17345,17350,265.3,213.7,212.95,226.2,-51.6,5969200,12209100,1655600,2615800,17300,17300,17308,220,220.52
09:43:52,17345,17350,265.3,214.1,212.95,226.2,-51.2,5968350,12209100,1655600,2615800,17300,17300,17308,221,220.48
09:44:03,17348,17350,265.3,213.5,212.95,226.2,-51.8,5968350,12208950,1655600,2615800,17300,17300,17308,221,220.43
09:44:16,17345,17350,265.3,213.0,212.95,226.2,-52.3,5968350,12208950,1655600,2615800,17300,17300,17305,220,220.38
09:44:27,17345,17350,265.3,213.1,212.95,226.2,-52.2,5968200,12208950,1655600,2615800,17300,17300,17305,220,220.33
09:44:38,17344,17350,265.3,213.05,212.95,226.2,-52.25,5921200,12295700,1655600,2615800,17300,17300,17305,220,220.29
09:44:50,17345,17350,265.3,213.75,212.95,226.2,-51.55,6091900,13074300,1671100,2761050,17300,17200,17305,220,220.24
09:45:01,17346,17350,265.3,214.2,212.95,226.2,-51.1,6068700,13073850,1671100,2761050,17300,17200,17306,221,220.2
09:45:13,17349,17350,265.3,212.85,212.95,226.2,-52.45,6035000,13069950,1671100,2761050,17300,17200,17311,220,220.16
09:45:23,17337,17350,265.3,213.1,212.95,226.2,-52.2,6034250,13067400,1671100,2761050,17300,17200,17303,218,220.11
09:45:35,17338,17350,265.3,213.6,212.95,226.2,-51.7,6034350,13067400,1671100,2761050,17300,17200,17298,217,220.07
09:45:46,17338,17350,265.3,213.7,212.95,226.2,-51.6,6031750,13067400,1671100,2761050,17300,17200,17301,219,220.03
09:45:59,17340,17350,265.3,213.1,212.95,226.2,-52.2,6031750,13067400,1671100,2761050,17300,17200,17301,219,219.99
09:46:10,17338,17350,265.3,212.35,212.95,226.2,-52.95,6031750,13067400,1671100,2761050,17300,17200,17301,218,219.94
09:46:21,17335,17350,265.3,213.3,212.95,226.2,-52.0,6031750,13067400,1671100,2761050,17300,17200,17298,218,219.9
09:46:33,17334,17350,265.3,213.6,212.95,226.2,-51.7,6031750,13067400,1671100,2761050,17300,17200,17298,218,219.86
09:46:45,17339,17350,265.3,213.65,212.95,226.2,-51.65,6031750,13065300,1671100,2761050,17300,17200,17301,219,219.83
09:46:57,17344,17350,265.3,213.5,212.95,226.2,-51.8,6031650,13065300,1671100,2761050,17300,17200,17304,219,219.79
09:47:09,17345,17350,265.3,213.25,212.95,226.2,-52.05,6031650,13065300,1671100,2761050,17300,17200,17307,219,219.75
09:47:22,17348,17350,265.3,213.65,212.95,226.2,-51.65,6032350,13065300,1671100,2761050,17300,17200,17308,220,219.71
09:47:33,17347,17350,265.3,213.2,212.95,226.2,-52.1,6032300,13065300,1671100,2761050,17300,17200,17309,220,219.67
09:47:44,17350,17350,265.3,213.15,212.95,226.2,-52.15,6098200,13628400,1659900,2876550,17300,17200,17311,220,219.64
09:47:55,17347,17350,265.3,211.65,212.95,226.2,-53.65,6078400,13616450,1659900,2876550,17300,17200,17310,219,219.59
09:48:06,17349,17350,265.3,211.7,212.95,226.2,-53.6,6079150,13613900,1659900,2876550,17300,17200,17313,218,219.54
09:48:17,17347,17350,265.3,211.3,212.95,226.2,-54.0,6073950,13613500,1659900,2876550,17300,17200,17310,218,219.49
09:48:26,17346,17350,265.3,211.95,212.95,226.2,-53.35,6074050,13608100,1659900,2876550,17300,17200,17309,218,219.45
09:48:38,17343,17350,265.3,211.15,212.95,226.2,-54.15,6074050,13607050,1659900,2876550,17300,17200,17306,217,219.4
09:48:49,17344,17350,265.3,212.7,212.95,226.2,-52.6,6074250,13607050,1659900,2876550,17300,17200,17307,218,219.37
09:49:00,17345,17350,265.3,212.6,212.95,226.2,-52.7,6073850,13606200,1659900,2876550,17300,17200,17308,219,219.33
09:49:11,17342,17350,265.3,211.9,212.95,226.2,-53.4,6073850,13606300,1659900,2876550,17300,17200,17306,218,219.29
09:49:22,17345,17350,265.3,212.0,212.95,226.2,-53.3,6074550,13606250,1659900,2876550,17300,17200,17307,218,219.25
09:49:32,17342,17350,265.3,211.4,212.95,226.2,-53.9,6074550,13606250,1659900,2876550,17300,17200,17307,218,219.2
09:49:42,17342,17350,265.3,212.1,212.95,226.2,-53.2,6074550,13606250,1659900,2876550,17300,17200,17306,218,219.16
09:49:53,17345,17350,265.3,211.5,212.95,226.2,-53.8,6074550,13606250,1659900,2876550,17300,17200,17309,218,219.12
09:50:04,17347,17350,265.3,211.3,212.95,226.2,-54.0,6074550,13606250,1659900,2876550,17300,17200,17309,218,219.08
09:50:14,17345,17350,265.3,210.9,212.95,226.2,-54.4,6074550,13606100,1659900,2876550,17300,17200,17308,217,219.03
09:50:24,17347,17350,265.3,211.3,212.95,226.2,-54.0,6074550,13605750,1659900,2876550,17300,17200,17308,218,218.99
09:50:36,17340,17350,265.3,211.4,212.95,226.2,-53.9,6074550,13605700,1659900,2876550,17300,17200,17303,217,218.95
09:50:46,17337,17350,265.3,212.0,212.95,226.2,-53.3,5934200,14202700,1623700,3091500,17300,17200,17301,217,218.91
09:50:57,17337,17350,265.3,212.3,212.95,226.2,-53.0,5922400,14207550,1623700,3091500,17300,17200,17301,217,218.88
09:51:08,17337,17350,265.3,211.65,212.95,226.2,-53.65,5922050,14202350,1623700,3091500,17300,17200,17301,217,218.84
09:51:20,17336,17350,265.3,212.45,212.95,226.2,-52.85,5923950,14201250,1623700,3091500,17300,17200,17299,217,218.81
09:51:30,17335,17350,265.3,212.1,212.95,226.2,-53.2,5922350,14201200,1623700,3091500,17300,17200,17298,218,218.77
09:51:42,17340,17350,265.3,211.95,212.95,226.2,-53.35,5922250,14200800,1623700,3091500,17300,17200,17300,218,218.74
09:51:52,17344,17350,265.3,210.95,212.95,226.2,-54.35,5922900,14200800,1623700,3091500,17300,17200,17303,218,218.7
09:52:02,17343,17350,265.3,212.1,212.95,226.2,-53.2,5922700,14200800,1623700,3091500,17300,17200,17304,218,218.66
09:52:13,17343,17350,265.3,212.25,212.95,226.2,-53.05,5922700,14200900,1623700,3091500,17300,17200,17304,218,218.63
09:52:24,17341,17350,265.3,211.6,212.95,226.2,-53.7,5922700,14200900,1623700,3091500,17300,17200,17303,218,218.59
09:52:34,17342,17350,265.3,211.45,212.95,226.2,-53.85,5922650,14199550,1623700,3091500,17300,17200,17302,218,218.56
09:52:45,17341,17350,265.3,212.45,212.95,226.2,-52.85,5922650,14199500,1623700,3091500,17300,17200,17301,218,218.53
09:52:55,17338,17350,265.3,213.0,212.95,226.2,-52.3,5922650,14199300,1623700,3091500,17300,17200,17300,218,218.5
09:53:06,17338,17350,265.3,213.3,212.95,226.2,-52.0,5922650,14199300,1623700,3091500,17300,17200,17298,219,218.47
09:53:19,17336,17350,265.3,212.8,212.95,226.2,-52.5,5921300,14199300,1623700,3091500,17300,17200,17297,218,218.44
09:53:31,17336,17350,265.3,213.05,212.95,226.2,-52.25,5921300,14199300,1623700,3091500,17300,17200,17294,218,218.42
09:53:43,17338,17350,265.3,212.75,212.95,226.2,-52.55,5912250,14185750,1623700,3091500,17300,17200,17294,218,218.39
09:53:54,17333,17350,265.3,213.2,212.95,226.2,-52.1,5936250,14464300,1648700,3120700,17300,17200,17293,218,218.36
09:54:06,17335,17350,265.3,213.5,212.95,226.2,-51.8,5925350,14464550,1648700,3120700,17300,17200,17294,218,218.34
09:54:18,17336,17350,265.3,212.75,212.95,226.2,-52.55,5922350,14453650,1648700,3120700,17300,17200,17294,218,218.31
09:54:28,17334,17350,265.3,213.35,212.95,226.2,-51.95,5911100,14452700,1648700,3120700,17300,17200,17294,218,218.29
09:54:40,17334,17350,265.3,213.2,212.95,226.2,-52.1,5911100,14452500,1648700,3120700,17300,17200,17293,218,218.26
09:54:54,17331,17350,265.3,212.85,212.95,226.2,-52.45,5911100,14452500,1648700,3120700,17300,17200,17293,217,218.24
09:55:04,17330,17350,265.3,212.9,212.95,226.2,-52.4,5910450,14452450,1648700,3120700,17300,17200,17292,217,218.21
09:55:14,17333,17350,265.3,211.75,212.95,226.2,-53.55,5909450,14452250,1648700,3120700,17300,17200,17292,216,218.18
09:55:24,17340,17350,265.3,211.2,212.95,226.2,-54.1,5909450,14453700,1648700,3120700,17300,17200,17296,217,218.15
09:55:35,17345,17350,265.3,210.5,212.95,226.2,-54.8,5910050,14453700,1648700,3120700,17300,17200,17302,217,218.11
09:55:46,17344,17350,265.3,211.35,212.95,226.2,-53.95,5910050,14453700,1648700,3120700,17300,17200,17303,217,218.08
09:55:57,17340,17350,265.3,212.4,212.95,226.2,-52.9,5910050,14453700,1648700,3120700,17300,17200,17301,217,218.06
09:56:08,17343,17350,265.3,211.95,212.95,226.2,-53.35,5910050,14453600,1648700,3120700,17300,17200,17302,218,218.03
09:56:19,17344,17350,265.3,211.25,212.95,226.2,-54.05,5910050,14453550,1648700,3120700,17300,17200,17304,217,218.0
09:56:30,17346,17350,265.3,210.25,212.95,226.2,-55.05,5910050,14453350,1648700,3120700,17300,17200,17306,217,217.96
09:56:40,17345,17350,265.3,211.35,212.95,226.2,-53.95,5842450,14584600,1648700,3120700,17300,17200,17304,218,217.93
09:56:52,17344,17350,265.3,211.15,212.95,226.2,-54.15,5610850,14619000,1680800,3103700,17300,17200,17303,217,217.9
09:57:02,17339,17350,265.3,211.55,212.95,226.2,-53.75,5619050,14605150,1680800,3103700,17300,17200,17301,217,217.87
09:57:12,17337,17350,265.3,211.35,212.95,226.2,-53.95,5614750,14603450,1680800,3103700,17300,17200,17299,217,217.84
09:57:22,17335,17350,265.3,211.65,212.95,226.2,-53.65,5613250,14602500,1680800,3103700,17300,17200,17296,217,217.81
09:57:34,17333,17350,265.3,212.55,212.95,226.2,-52.75,5605650,14601200,1680800,3103700,17300,17200,17295,217,217.79
09:57:53,17330,17350,265.3,213.55,212.95,226.2,-51.75,5605650,14600550,1680800,3103700,17300,17200,17293,217,217.77
09:58:04,17325,17350,265.3,214.1,212.95,226.2,-51.2,5602000,14599800,1680800,3103700,17300,17200,17288,217,217.75
09:58:13,17323,17350,265.3,214.6,212.95,226.2,-50.7,5604450,14599850,1680800,3103700,17300,17200,17285,217,217.74
09:58:25,17326,17350,265.3,214.3,212.95,226.2,-51.0,5604450,14599850,1680800,3103700,17300,17200,17284,218,217.73
09:58:36,17324,17350,265.3,216.0,212.95,226.2,-49.3,5604450,14599850,1680800,3103700,17300,17200,17284,219,217.72
09:58:46,17327,17350,265.3,215.95,212.95,226.2,-49.35,5604450,14599850,1680800,3103700,17300,17200,17283,218,217.71
09:59:02,17324,17350,265.3,216.55,212.95,226.2,-48.75,5604400,14594300,1680800,3103700,17300,17200,17284,220,217.71
09:59:13,17318,17350,265.3,218.25,212.95,226.2,-47.05,5604350,14594050,1680800,3103700,17300,17200,17278,220,217.71
09:59:23,17316,17350,265.3,218.0,212.95,226.2,-47.3,5604200,14594050,1680800,3103700,17300,17200,17276,219,217.71
09:59:33,17315,17350,265.3,217.55,212.95,226.2,-47.75,5604200,14594000,1680800,3103700,17300,17200,17277,219,217.71
09:59:43,17314,17350,265.3,218.25,212.95,226.2,-47.05,5764600,14460850,1680800,3103700,17300,17200,17270,219,217.71
09:59:55,17318,17350,265.3,218.15,212.95,226.2,-47.15,6165600,14298050,1794500,3042550,17300,17200,17274,220,217.71
10:00:07,17314,17350,265.3,218.5,212.95,226.2,-46.8,6156050,14300300,1794500,3042550,17300,17200,17272,220,217.72
10:00:17,17320,17350,265.3,216.0,212.95,226.2,-49.3,6155000,14300300,1794500,3042550,17300,17200,17282,218,217.71
10:00:29,17321,17350,265.3,216.85,212.95,226.2,-48.45,6154950,14299950,1794500,3042550,17300,17200,17281,219,217.71
10:19:21,17334,17350,265.3,212.3,212.95,226.2,-53.0,7085750,15680650,2012750,3140750,17300,17300,17297,217,212.3
10:19:30,17334,17350,265.3,212.0,212.95,226.2,-53.3,7085750,15680450,2012750,3140750,17300,17300,17296,217,212.15
10:19:42,17330,17350,265.3,212.7,212.95,226.2,-52.6,7085550,15680100,2012750,3140750,17300,17300,17293,217,212.33
10:19:52,17331,17350,265.3,213.1,212.95,226.2,-52.2,7085400,15680100,2012750,3140750,17300,17300,17292,217,212.52
10:20:02,17331,17350,265.3,212.3,212.95,226.2,-53.0,7085400,15680100,2012750,3140750,17300,17300,17294,217,212.48
10:20:12,17336,17350,265.3,212.2,212.95,226.2,-53.1,7085400,15680100,2012750,3140750,17300,17300,17295,217,212.43
10:20:25,17340,17350,265.3,210.9,212.95,226.2,-54.4,7085250,15680100,2012750,3140750,17300,17300,17300,216,212.21
10:20:35,17339,17350,265.3,210.85,212.95,226.2,-54.45,7085250,15680100,2012750,3140750,17300,17300,17300,217,212.04
10:20:45,17336,17350,265.3,212.25,212.95,226.2,-53.05,7069500,15728700,2012750,3140750,17300,17300,17298,216,212.07
10:20:55,17334,17350,265.3,212.3,212.95,226.2,-53.0,7029700,15915750,2000950,3189000,17300,17300,17297,217,212.09
10:21:05,17334,17350,265.3,212.7,212.95,226.2,-52.6,7014300,15916400,2000950,3189000,17300,17300,17296,217,212.15
10:21:16,17332,17350,265.3,213.05,212.95,226.2,-52.25,7013500,15915150,2000950,3189000,17300,17300,17295,217,212.22
10:21:26,17336,17350,265.3,213.2,212.95,226.2,-52.1,7008450,15915050,2000950,3189000,17300,17300,17298,218,212.3
10:21:37,17336,17350,265.3,212.8,212.95,226.2,-52.5,7008950,15915000,2000950,3189000,17300,17300,17298,217,212.33
10:21:47,17335,17350,265.3,211.95,212.95,226.2,-53.35,7009200,15913950,2000950,3189000,17300,17300,17298,217,212.31
10:21:58,17335,17350,265.3,212.0,212.95,226.2,-53.3,7007850,15915150,2000950,3189000,17300,17300,17298,217,212.29
10:22:08,17335,17350,265.3,212.4,212.95,226.2,-52.9,7007850,15915150,2000950,3189000,17300,17300,17299,217,212.29
10:22:19,17332,17350,265.3,212.65,212.95,226.2,-52.65,7007100,15914900,2000950,3189000,17300,17300,17297,217,212.31
10:22:29,17331,17350,265.3,213.45,212.95,226.2,-51.85,7007000,15914600,2000950,3189000,17300,17300,17297,217,212.37
10:22:41,17333,17350,265.3,211.45,212.95,226.2,-53.85,7007000,15914600,2000950,3189000,17300,17300,17298,216,212.33
10:22:52,17333,17350,265.3,212.95,212.95,226.2,-52.35,7006950,15915000,2000950,3189000,17300,17300,17297,217,212.36
10:23:02,17333,17350,265.3,212.05,212.95,226.2,-53.25,7006450,15915000,2000950,3189000,17300,17300,17298,216,212.34
10:23:11,17335,17350,265.3,212.05,212.95,226.2,-53.25,7006450,15915000,2000950,3189000,17300,17300,17298,216,212.33
10:23:23,17333,17350,265.3,212.25,212.95,226.2,-53.05,7006450,15914850,2000950,3189000,17300,17300,17298,216,212.33
10:23:34,17332,17350,265.3,212.9,212.95,226.2,-52.4,7006450,15914850,2000950,3189000,17300,17300,17297,217,212.35
10:23:44,17333,17350,265.3,213.05,212.95,226.2,-52.25,6964900,15918750,2000950,3189000,17300,17300,17296,217,212.38
10:23:53,17330,17350,265.3,212.85,212.95,226.2,-52.45,7080200,16074750,2043400,3242550,17300,17300,17295,217,212.39
10:24:05,17329,17350,265.3,213.1,212.95,226.2,-52.2,7077900,16031550,2043400,3242550,17300,17300,17294,217,212.42
10:24:16,17330,17350,265.3,213.05,212.95,226.2,-52.25,7079600,16023950,2043400,3242550,17300,17300,17295,217,212.44
10:24:26,17325,17350,265.3,213.85,212.95,226.2,-51.45,7080050,16020000,2043400,3242550,17300,17300,17291,217,212.49
10:24:37,17323,17350,265.3,214.7,212.95,226.2,-50.6,7080050,16020150,2043400,3242550,17300,17300,17289,217,212.56
10:24:47,17324,17350,265.3,214.35,212.95,226.2,-50.95,7085300,16019650,2043400,3242550,17300,17300,17289,217,212.62
10:24:57,17324,17350,265.3,215.1,212.95,226.2,-50.2,7085300,16019700,2043400,3242550,17300,17300,17288,217,212.69
10:25:06,17325,17350,265.3,214.1,212.95,226.2,-51.2,7085300,16019600,2043400,3242550,17300,17300,17289,217,212.73
10:25:18,17319,17350,265.3,216.1,212.95,226.2,-49.2,7085250,16019600,2043400,3242550,17300,17300,17286,218,212.83
10:25:29,17319,17350,265.3,216.5,212.95,226.2,-48.8,7085200,16019850,2043400,3242550,17300,17300,17284,218,212.93
10:25:39,17319,17350,265.3,215.75,212.95,226.2,-49.55,7085200,16019850,2043400,3242550,17300,17300,17284,218,213.01
10:25:49,17323,17350,265.3,214.85,212.95,226.2,-50.45,7085200,16019850,2043400,3242550,17300,17300,17287,218,213.06
10:26:00,17329,17350,265.3,214.55,212.95,226.2,-50.75,7085050,16019850,2043400,3242550,17300,17300,17291,217,213.09
10:26:11,17322,17350,265.3,215.7,212.95,226.2,-49.6,7085000,16019850,2043400,3242550,17300,17300,17290,218,213.16
10:26:21,17324,17350,265.3,216.4,212.95,226.2,-48.9,7085000,16019850,2043400,3242550,17300,17300,17288,219,213.24
10:26:31,17325,17350,265.3,214.5,212.95,226.2,-50.8,7085000,16019850,2043400,3242550,17300,17300,17290,218,213.27
10:26:42,17327,17350,265.3,213.95,212.95,226.2,-51.35,7085000,16019800,2043400,3242550,17300,17300,17290,217,213.28
10:26:52,17328,17350,265.3,213.55,212.95,226.2,-51.75,7368850,16077050,2130650,3285100,17300,17300,17292,217,213.29
10:27:03,17328,17350,265.3,214.0,212.95,226.2,-51.3,7334200,16076900,2130650,3285100,17300,17300,17292,218,213.31
10:27:12,17331,17350,265.3,212.7,212.95,226.2,-52.6,7334100,16077750,2130650,3285100,17300,17300,17293,217,213.29
10:27:23,17334,17350,265.3,212.05,212.95,226.2,-53.25,7333050,16076300,2130650,3285100,17300,17300,17293,216,213.27
10:27:35,17333,17350,265.3,212.45,212.95,226.2,-52.85,7332300,16066400,2130650,3285100,17300,17300,17294,217,213.25
10:27:49,17333,17350,265.3,212.45,212.95,226.2,-52.85,7331000,16064600,2130650,3285100,17300,17300,17294,217,213.23
10:27:59,17333,17350,265.3,212.55,212.95,226.2,-52.75,7331000,16064600,2130650,3285100,17300,17300,17294,216,213.22
10:28:10,17338,17350,265.3,211.5,212.95,226.2,-53.8,7330500,16064600,2130650,3285100,17300,17300,17297,216,213.19
10:28:21,17335,17350,265.3,211.85,212.95,226.2,-53.45,7330150,16069400,2130650,3285100,17300,17300,17298,217,213.16
10:28:31,17335,17350,265.3,212.1,212.95,226.2,-53.2,7331350,16069150,2130650,3285100,17300,17300,17298,217,213.14
10:28:41,17335,17350,265.3,212.5,212.95,226.2,-52.8,7331300,16068950,2130650,3285100,17300,17300,17296,216,213.13
10:28:52,17331,17350,265.3,213.0,212.95,226.2,-52.3,7331300,16068950,2130650,3285100,17300,17300,17295,216,213.13
10:29:03,17328,17350,265.3,213.4,212.95,226.2,-51.9,7331250,16068950,2130650,3285100,17300,17300,17291,216,213.13
10:29:13,17325,17350,265.3,214.05,212.95,226.2,-51.25,7331250,16068900,2130650,3285100,17300,17300,17290,217,213.15
10:29:24,17326,17350,265.3,213.25,212.95,226.2,-52.05,7331250,16068900,2130650,3285100,17300,17300,17291,217,213.15
10:29:36,17325,17350,265.3,214.1,212.95,226.2,-51.2,7330950,16068900,2130650,3285100,17300,17300,17288,217,213.16
10:29:45,17326,17350,265.3,214.7,212.95,226.2,-50.6,7376600,16086800,2130650,3285100,17300,17300,17288,217,213.19
10:29:56,17322,17350,265.3,215.7,212.95,226.2,-49.6,7449250,16217000,2127250,3295000,17300,17300,17287,218,213.23
10:30:08,17326,17350,265.3,214.8,212.95,226.2,-50.5,7440350,16223950,2127250,3295000,17300,17300,17290,218,213.26
10:30:17,17323,17350,265.3,215.25,212.95,226.2,-50.05,7439550,16212950,2127250,3295000,17300,17300,17289,218,213.29
10:30:29,17320,17350,265.3,216.65,212.95,226.2,-48.65,7439550,16212950,2127250,3295000,17300,17300,17285,218,213.34
10:30:39,17319,17350,265.3,216.8,212.95,226.2,-48.5,7443900,16213150,2127250,3295000,17300,17300,17284,219,213.39
10:30:50,17323,17350,265.3,215.3,212.95,226.2,-50.0,7443850,16213300,2127250,3295000,17300,17300,17285,218,213.42
10:31:01,17323,17350,265.3,214.6,212.95,226.2,-50.7,7443650,16213250,2127250,3295000,17300,17300,17287,218,213.44
10:31:11,17325,17350,265.3,214.3,212.95,226.2,-51.0,7435500,16213250,2127250,3295000,17300,17300,17288,217,213.45
10:31:22,17328,17350,265.3,213.3,212.95,226.2,-52.0,7435500,16213150,2127250,3295000,17300,17300,17288,216,213.45
10:31:32,17324,17350,265.3,213.9,212.95,226.2,-51.4,7435550,16213450,2127250,3295000,17300,17300,17288,217,213.46
10:31:41,17325,17350,265.3,213.45,212.95,226.2,-51.85,7435550,16211850,2127250,3295000,17300,17300,17287,217,213.46
10:31:52,17324,17350,265.3,212.85,212.95,226.2,-52.45,7435550,16211850,2127250,3295000,17300,17300,17286,215,213.45
10:32:02,17322,17350,265.3,214.55,212.95,226.2,-50.75,7436100,16211900,2127250,3295000,17300,17300,17283,217,213.46
10:32:11,17321,17350,265.3,216.0,212.95,226.2,-49.3,7436100,16211900,2127250,3295000,17300,17300,17282,218,213.5
10:32:24,17322,17350,265.3,215.45,212.95,226.2,-49.85,7435950,16211850,2127250,3295000,17300,17300,17281,218,213.52
10:32:35,17322,17350,265.3,215.45,212.95,226.2,-49.85,7435850,16211800,2127250,3295000,17300,17300,17282,217,213.55
10:32:47,17326,17350,265.3,214.5,212.95,226.2,-50.8,7524400,16226350,2127250,3295000,17300,17300,17288,217,213.56
10:32:57,17326,17350,265.3,213.25,212.95,226.2,-52.05,7903350,16338550,2256700,3317200,17300,17300,17286,215,213.56
10:33:08,17323,17350,265.3,214.7,212.95,226.2,-50.6,7913700,16335200,2256700,3317200,17300,17300,17284,217,213.57
10:33:17,17322,17350,265.3,215.35,212.95,226.2,-49.95,7913950,16334700,2256700,3317200,17300,17300,17282,217,213.59
10:33:28,17320,17350,265.3,215.4,212.95,226.2,-49.9,7913400,16343500,2256700,3317200,17300,17300,17281,217,213.62
10:33:43,17319,17350,265.3,216.65,212.95,226.2,-48.65,7912100,16343150,2256700,3317200,17300,17300,17281,218,213.65
10:33:55,17320,17350,265.3,216.2,212.95,226.2,-49.1,7912100,16342900,2256700,3317200,17300,17300,17282,218,213.68
10:34:07,17318,17350,265.3,216.05,212.95,226.2,-49.25,7911050,16342900,2256700,3317200,17300,17300,17282,218,213.71
10:34:17,17318,17350,265.3,217.1,212.95,226.2,-48.2,7911550,16342800,2256700,3317200,17300,17300,17281,219,213.75
10:34:29,17320,17350,265.3,215.3,212.95,226.2,-50.0,7911400,16342800,2256700,3317200,17300,17300,17283,217,213.77
10:34:38,17321,17350,265.3,215.05,212.95,226.2,-50.25,7909750,16342800,2256700,3317200,17300,17300,17283,218,213.79
10:34:50,17317,17350,265.3,217.1,212.95,226.2,-48.2,7909250,16342800,2256700,3317200,17300,17300,17277,218,213.82
10:35:01,17315,17350,265.3,217.8,212.95,226.2,-47.5,7909250,16342750,2256700,3317200,17300,17300,17278,219,213.87
10:35:11,17317,17350,265.3,216.5,212.95,226.2,-48.8,7909250,16343000,2256700,3317200,17300,17300,17280,218,213.9
10:35:20,17320,17350,265.3,215.2,212.95,226.2,-50.1,7909250,16343000,2256700,3317200,17300,17300,17282,217,213.91
10:35:30,17319,17350,265.3,215.7,212.95,226.2,-49.6,7909250,16342200,2256700,3317200,17300,17300,17281,218,213.93
10:35:41,17322,17350,265.3,215.4,212.95,226.2,-49.9,7909250,16342250,2256700,3317200,17300,17300,17282,218,213.95
10:35:51,17320,17350,265.3,215.55,212.95,226.2,-49.75,7972350,16281450,2256700,3317200,17300,17300,17280,218,213.96
10:36:02,17320,17350,265.3,216.4,212.95,226.2,-48.9,8583950,16344900,2362300,3350950,17300,17300,17281,218,213.99
10:36:11,17323,17350,265.3,214.8,212.95,226.2,-50.5,8584950,16343450,2362300,3350950,17300,17300,17282,217,214.0
10:36:22,17323,17350,265.3,214.8,212.95,226.2,-50.5,8585700,16343450,2362300,3350950,17300,17300,17282,217,214.01
10:36:32,17321,17350,265.3,215.95,212.95,226.2,-49.35,8585550,16342400,2362300,3350950,17300,17300,17281,218,214.03
10:36:42,17319,17350,265.3,216.2,212.95,226.2,-49.1,8585300,16341950,2362300,3350950,17300,17300,17280,218,214.05
10:36:51,17313,17350,265.3,217.75,212.95,226.2,-47.55,8587550,16341400,2362300,3350950,17300,17300,17277,219,214.08
10:37:02,17312,17350,265.3,217.5,212.95,226.2,-47.8,8587400,16341300,2362300,3350950,17300,17300,17275,218,214.12
10:37:12,17317,17350,265.3,215.5,212.95,226.2,-49.8,8586600,16341150,2362300,3350950,17300,17300,17278,218,214.13
10:37:24,17316,17350,265.3,216.3,212.95,226.2,-49.0,8586300,16341150,2362300,3350950,17300,17300,17278,217,214.15
10:37:37,17315,17350,265.3,216.3,212.95,226.2,-49.0,8586900,16341150,2362300,3350950,17300,17300,17276,218,214.17
10:37:47,17307,17350,265.3,218.45,212.95,226.2,-46.85,8586800,16341000,2362300,3350950,17300,17300,17270,219,214.21
10:37:58,17309,17350,265.3,217.1,212.95,226.2,-48.2,8586650,16340950,2362300,3350950,17300,17300,17269,217,214.24
10:38:09,17308,17350,265.3,218.1,212.95,226.2,-47.2,8586650,16341300,2362300,3350950,17300,17300,17269,218,214.28
10:38:18,17309,17350,265.3,218.2,212.95,226.2,-47.1,8586650,16341300,2362300,3350950,17300,17300,17270,218,214.31
10:38:29,17309,17350,265.3,217.55,212.95,226.2,-47.75,8585950,16341300,2362300,3350950,17300,17300,17270,218,214.34
10:38:40,17307,17350,265.3,218.35,212.95,226.2,-46.95,8585850,16341300,2362300,3350950,17300,17300,17268,218,214.38
10:38:52,17305,17350,265.3,218.6,212.95,226.2,-46.7,8576350,16345050,2362300,3350950,17300,17300,17267,218,214.42
10:39:03,17306,17350,265.3,218.0,212.95,226.2,-47.3,8819700,16370650,2399800,3341250,17300,17300,17267,218,214.45
10:39:14,17307,17350,265.3,216.5,212.95,226.2,-48.8,8808700,16369750,2399800,3341250,17300,17300,17266,217,214.47
10:39:24,17307,17350,265.3,218.75,212.95,226.2,-46.55,8801800,16367900,2399800,3341250,17300,17300,17265,218,214.51
10:39:36,17306,17350,265.3,218.8,212.95,226.2,-46.5,8793550,16366050,2399800,3341250,17300,17300,17265,218,214.54
10:39:45,17299,17300,265.3,219.75,212.95,226.2,-45.55,8793450,16366550,2399800,3341250,17300,17300,17261,220,214.59
10:39:55,17302,17300,265.3,220.45,212.95,226.2,-44.85,8793100,16365850,2399800,3341250,17300,17300,17262,220,214.64
10:40:06,17296,17300,265.3,222.4,212.95,226.2,-42.9,8793100,16365850,2399800,3341250,17300,17300,17259,222,214.7
10:40:17,17284,17300,265.3,222.6,212.95,224.5,-42.7,8793500,16365750,2399800,3341250,17300,17300,17246,222,214.77
10:40:28,17287,17300,265.3,222.95,212.95,224.5,-42.35,8793550,16365700,2399800,3341250,17300,17300,17248,222,214.84
10:40:39,17291,17300,265.3,221.45,212.95,224.5,-43.85,8793400,16365750,2399800,3341250,17300,17300,17250,222,214.89
10:40:50,17288,17300,265.3,222.4,212.95,224.5,-42.9,8793400,16365750,2399800,3341250,17300,17300,17248,222,214.95
10:41:02,17289,17300,265.3,222.35,212.95,224.5,-42.95,8793400,16365750,2399800,3341250,17300,17300,17251,223,215.01
10:41:12,17287,17300,265.3,222.8,212.95,224.5,-42.5,8793400,16365750,2399800,3341250,17300,17300,17248,223,215.08
10:41:23,17289,17300,265.3,222.0,212.95,224.5,-43.3,8793350,16365750,2399800,3341250,17300,17300,17249,222,215.13
10:41:37,17285,17300,265.3,221.65,212.95,224.5,-43.65,8768100,16365750,2399800,3341250,17300,17300,17249,222,215.18
10:41:48,17290,17300,265.3,221.0,212.95,224.5,-44.3,8813800,16210250,2399800,3341250,17300,17300,17249,221,215.23
10:41:59,17297,17300,265.3,219.35,212.95,224.5,-45.95,9248900,15232600,2504200,3033400,17300,17300,17257,220,215.26
10:42:09,17290,17300,265.3,221.85,212.95,224.5,-43.45,9426000,15254050,2504200,3033400,17300,17300,17255,222,215.31
10:42:20,17292,17300,265.3,222.05,212.95,224.5,-43.25,9403900,15248300,2504200,3033400,17300,17300,17255,222,215.37
10:42:32,17295,17300,265.3,221.05,212.95,224.5,-44.25,9403900,15248300,2504200,3033400,17300,17300,17256,221,215.41
10:42:42,17294,17300,265.3,221.15,212.95,224.5,-44.15,9399250,15247700,2504200,3033400,17300,17300,17255,221,215.45
10:42:53,17294,17300,265.3,221.75,212.95,224.5,-43.55,9393900,15247100,2504200,3033400,17300,17300,17255,222,215.5
10:43:04,17293,17300,265.3,221.45,212.95,224.5,-43.85,9393900,15245950,2504200,3033400,17300,17300,17254,222,215.54
10:43:13,17296,17300,265.3,221.45,212.95,224.5,-43.85,9393900,15245900,2504200,3033400,17300,17300,17256,221,215.59
10:43:24,17299,17300,265.3,220.2,212.95,224.5,-45.1,9392950,15245900,2504200,3033400,17300,17300,17260,220,215.62
10:43:35,17298,17300,265.3,220.05,212.95,224.5,-45.25,9393150,15245450,2504200,3033400,17300,17300,17260,220,215.65
10:43:46,17298,17300,265.3,221.15,212.95,224.5,-44.15,9393150,15245450,2504200,3033400,17300,17300,17259,221,215.69
10:43:56,17296,17300,265.3,220.85,212.95,224.5,-44.45,9393150,15245450,2504200,3033400,17300,17300,17258,221,215.73
10:44:08,17296,17300,265.3,221.0,212.95,224.5,-44.3,9393150,15245450,2504200,3033400,17300,17300,17260,222,215.77
10:44:22,17298,17300,265.3,221.55,212.95,224.5,-43.75,9394450,15245150,2504200,3033400,17300,17300,17259,221,215.81
10:44:33,17297,17300,265.3,221.45,212.95,224.5,-43.85,9394350,15245150,2504200,3033400,17300,17300,17260,221,215.85
10:44:44,17300,17300,265.3,220.8,212.95,224.5,-44.5,9394400,15245150,2504200,3033400,17300,17300,17263,221,215.88
10:44:55,17306,17300,265.3,220.0,212.95,224.5,-45.3,9346350,15231750,2504200,3033400,17300,17300,17266,219,215.91
10:45:05,17302,17300,265.3,219.7,212.95,224.5,-45.6,9426400,15245500,2555800,3058600,17300,17300,17267,220,215.94
10:45:17,17298,17300,265.3,221.45,212.95,224.5,-43.85,9502100,15239950,2555800,3058600,17300,17300,17264,221,215.98
10:45:27,17301,17300,265.3,221.65,212.95,224.5,-43.65,9501700,15240050,2555800,3058600,17300,17300,17263,221,216.01
10:45:37,17303,17300,265.3,220.65,212.95,224.5,-44.65,9501600,15242400,2555800,3058600,17300,17300,17266,220,216.05
10:45:47,17302,17300,265.3,221.35,212.95,224.5,-43.95,9501600,15242550,2555800,3058600,17300,17300,17266,222,216.08
10:45:59,17307,17300,265.3,220.35,212.95,224.5,-44.95,9498050,15242500,2555800,3058600,17300,17300,17268,221,216.11
10:46:10,17304,17300,265.3,220.9,212.95,224.5,-44.4,9502950,15240550,2555800,3058600,17300,17300,17264,220,216.14
10:46:19,17303,17300,265.3,221.8,212.95,224.5,-43.5,9502950,15240550,2555800,3058600,17300,17300,17264,221,216.18
10:46:30,17301,17300,265.3,220.3,212.95,224.5,-45.0,9502750,15240550,2555800,3058600,17300,17300,17264,221,216.21
10:46:40,17305,17300,265.3,220.0,212.95,224.5,-45.3,9502750,15240400,2555800,3058600,17300,17300,17265,220,216.23
10:46:51,17305,17300,265.3,220.5,212.95,224.5,-44.8,9502750,15240400,2555800,3058600,17300,17300,17266,221,216.26
10:47:02,17305,17300,265.3,220.0,212.95,224.5,-45.3,9504600,15240400,2555800,3058600,17300,17300,17268,220,216.28
10:47:16,17308,17300,265.3,218.95,212.95,224.5,-46.35,9504600,15240400,2555800,3058600,17300,17300,17271,219,216.3
10:47:26,17311,17300,265.3,219.3,212.95,224.5,-46.0,9504600,15237350,2555800,3058600,17300,17300,17272,219,216.32
10:47:38,17308,17300,265.3,220.25,212.95,224.5,-45.05,9505850,15237350,2555800,3058600,17300,17300,17270,220,216.34
10:47:48,17308,17300,265.3,220.3,212.95,224.5,-45.0,9505900,15237350,2555800,3058600,17300,17300,17269,220,216.37
10:47:57,17310,17300,265.3,219.7,212.95,224.5,-45.6,9587450,15262550,2593600,3060600,17300,17300,17272,220,216.39
10:48:09,17309,17300,265.3,220.0,212.95,224.5,-45.3,9585950,15275150,2593600,3060600,17300,17300,17272,219,216.41
10:48:18,17311,17300,265.3,219.1,212.95,224.5,-46.2,9583750,15275400,2593600,3060600,17300,17300,17274,219,216.43
10:48:29,17308,17300,265.3,219.5,212.95,224.5,-45.8,9591400,15275300,2593600,3060600,17300,17300,17274,219,216.45
10:48:40,17311,17300,265.3,219.4,212.95,224.5,-45.9,9591650,15275300,2593600,3060600,17300,17300,17273,220,216.46
10:48:51,17311,17300,265.3,218.35,212.95,224.5,-46.95,9591600,15275250,2593600,3060600,17300,17300,17275,218,216.48
10:49:02,17311,17300,265.3,218.95,212.95,224.5,-46.35,9591600,15275350,2593600,3060600,17300,17300,17274,219,216.49
10:49:12,17308,17300,265.3,218.55,212.95,224.5,-46.75,9589300,15274300,2593600,3060600,17300,17300,17274,219,216.5
10:49:24,17309,17300,265.3,219.1,212.95,224.5,-46.2,9589300,15274300,2593600,3060600,17300,17300,17274,219,216.52
10:49:35,17309,17300,265.3,219.0,212.95,224.5,-46.3,9589300,15274250,2593600,3060600,17300,17300,17275,219,216.53
10:49:45,17308,17300,265.3,218.65,212.95,224.5,-46.65,9587100,15274200,2593600,3060600,17300,17300,17274,219,216.54
10:49:57,17304,17300,265.3,218.85,212.95,224.5,-46.45,9586950,15274200,2593600,3060600,17300,17300,17270,218,216.56
10:50:08,17305,17300,265.3,217.95,212.95,224.5,-47.35,9586950,15274200,2593600,3060600,17300,17300,17270,218,216.57
10:50:19,17303,17300,265.3,218.0,212.95,224.5,-47.3,9584450,15274200,2593600,3060600,17300,17300,17271,219,216.57
10:50:30,17302,17300,265.3,218.15,212.95,224.5,-47.15,9584350,15274200,2593600,3060600,17300,17300,17270,218,216.58
10:50:41,17300,17300,265.3,219.4,212.95,224.5,-45.9,9584350,15274200,2593600,3060600,17300,17300,17268,219,216.6
10:50:51,17302,17300,265.3,219.1,212.95,224.5,-46.2,9560250,15256500,2593600,3060600,17300,17300,17269,219,216.61
10:51:00,17307,17300,265.3,219.2,212.95,224.5,-46.1,9741000,15230350,2661150,3071500,17300,17300,17272,219,216.63
10:51:11,17302,17300,265.3,219.75,212.95,224.5,-45.55,9740850,15227250,2661150,3071500,17300,17300,17271,219,216.65
10:51:22,17305,17300,265.3,219.5,212.95,224.5,-45.8,9742900,15223100,2661150,3071500,17300,17300,17271,220,216.66
10:51:33,17303,17300,265.3,219.75,212.95,224.5,-45.55,9743950,15223100,2661150,3071500,17300,17300,17270,220,216.68
10:51:44,17300,17300,265.3,220.3,212.95,224.5,-45.0,9743950,15221050,2661150,3071500,17300,17300,17268,220,216.7
10:51:55,17302,17300,265.3,219.65,212.95,224.5,-45.65,9745950,15221050,2661150,3071500,17300,17300,17269,220,216.71
10:52:05,17305,17300,265.3,219.2,212.95,224.5,-46.1,9745500,15220650,2661150,3071500,17300,17300,17271,219,216.73
10:52:16,17307,17300,265.3,218.55,212.95,224.5,-46.75,9745500,15220600,2661150,3071500,17300,17300,17271,219,216.74
10:52:26,17308,17300,265.3,218.15,212.95,224.5,-47.15,9745500,15220450,2661150,3071500,17300,17300,17273,218,216.75
10:52:38,17310,17300,265.3,218.05,212.95,224.5,-47.25,9743700,15220450,2661150,3071500,17300,17300,17274,217,216.75
10:52:48,17311,17300,265.3,218.1,212.95,224.5,-47.2,9743700,15220450,2661150,3071500,17300,17300,17275,218,216.76
10:52:59,17311,17300,265.3,217.2,212.95,224.5,-48.1,9735750,15219600,2661150,3071500,17300,17300,17276,217,216.76
10:53:10,17310,17300,265.3,217.65,212.95,224.5,-47.65,9735750,15219600,2661150,3071500,17300,17300,17277,217,216.77
10:53:21,17308,17300,265.3,218.05,212.95,224.5,-47.25,9735600,15219600,2661150,3071500,17300,17300,17276,218,216.77
10:53:31,17305,17300,265.3,217.85,212.95,224.5,-47.45,9735600,15219600,2661150,3071500,17300,17300,17276,218,216.78
10:53:41,17307,17300,265.3,217.7,212.95,224.5,-47.6,9735600,15219600,2661150,3071500,17300,17300,17275,218,216.78
10:53:54,17310,17300,265.3,218.1,212.95,224.5,-47.2,9729550,15228050,2661150,3071500,17300,17300,17276,219,216.79
10:54:06,17309,17300,265.3,218.6,212.95,224.5,-46.7,9788250,15325550,2680500,3082700,17300,17300,17275,219,216.8
10:54:17,17308,17300,265.3,218.25,212.95,224.5,-47.05,9785050,15316800,2680500,3082700,17300,17300,17275,219,216.81
10:54:29,17309,17300,265.3,218.1,212.95,224.5,-47.2,9783900,15311650,2680500,3082700,17300,17300,17274,218,216.81
10:54:38,17311,17300,265.3,217.25,212.95,224.5,-48.05,9784750,15311600,2680500,3082700,17300,17300,17276,218,216.82
10:54:49,17310,17300,265.3,217.95,212.95,224.5,-47.35,9784750,15304600,2680500,3082700,17300,17300,17274,218,216.82
10:54:59,17310,17300,265.3,217.7,212.95,224.5,-47.6,9783400,15303100,2680500,3082700,17300,17300,17276,218,216.83
10:55:11,17310,17300,265.3,217.8,212.95,224.5,-47.5,9783450,15303100,2680500,3082700,17300,17300,17275,218,216.83
10:55:23,17311,17300,265.3,217.1,212.95,224.5,-48.2,9783400,15298100,2680500,3082700,17300,17300,17276,217,216.83
10:55:34,17316,17300,265.3,216.55,212.95,224.5,-48.75,9780450,15298100,2680500,3082700,17300,17300,17278,217,216.83
10:55:46,17316,17300,265.3,216.6,212.95,224.5,-48.7,9779100,15298650,2680500,3082700,17300,17300,17280,217,216.83
10:55:58,17316,17300,265.3,217.0,212.95,224.5,-48.3,9779850,15298650,2680500,3082700,17300,17300,17280,217,216.83
10:56:09,17319,17300,265.3,216.6,212.95,224.5,-48.7,9779850,15298550,2680500,3082700,17300,17300,17283,216,216.83
10:56:21,17318,17300,265.3,216.0,212.95,224.5,-49.3,9779850,15298550,2680500,3082700,17300,17300,17282,216,216.83
10:56:35,17317,17300,265.3,216.6,212.95,224.5,-48.7,9779950,15298650,2680500,3082700,17300,17300,17283,217,216.82
10:56:46,17320,17300,265.3,217.1,212.95,224.5,-48.2,9779800,15297850,2680500,3082700,17300,17300,17283,217,216.83
10:56:57,17319,17300,265.3,216.65,212.95,224.5,-48.65,9603150,15444500,2680500,3124700,17300,17300,17282,217,216.82
10:57:07,17319,17300,265.3,216.15,212.95,224.5,-49.15,9626600,15487650,2711600,3124700,17300,17300,17283,216,216.82
10:57:21,17319,17300,265.3,216.05,212.95,224.5,-49.25,9617250,15489850,2711600,3124700,17300,17300,17283,216,216.82
10:57:32,17320,17300,265.3,216.05,212.95,224.5,-49.25,9616100,15491200,2711600,3124700,17300,17300,17283,216,216.81
10:57:45,17319,17300,265.3,216.6,212.95,224.5,-48.7,9616100,15491100,2711600,3124700,17300,17300,17283,217,216.81
10:57:56,17318,17300,265.3,216.85,212.95,224.5,-48.45,9616500,15491000,2711600,3124700,17300,17300,17283,217,216.81
11:49:35,17301,17300,265.3,221.7,212.95,224.5,-43.6,10561450,15933900,3374250,3265200,17300,17300,17261,222,221.7
11:49:45,17297,17300,265.3,222.55,212.95,224.5,-42.75,10561450,15933900,3374250,3265200,17300,17300,17260,223,222.12
11:49:55,17296,17300,265.3,221.4,212.95,224.5,-43.9,10558950,15933400,3374250,3265200,17300,17300,17260,222,221.88
11:50:05,17294,17300,265.3,222.75,212.95,224.5,-42.55,10558950,15933400,3374250,3265200,17300,17300,17256,223,222.1
11:50:17,17298,17300,265.3,223.85,212.95,224.5,-41.45,10559000,15933600,3374250,3265200,17300,17300,17257,223,222.45
11:50:28,17299,17300,265.3,222.6,212.95,224.5,-42.7,10559000,15933600,3374250,3265200,17300,17300,17260,223,222.48
11:50:40,17300,17300,265.3,222.0,212.95,224.5,-43.3,10559000,15933450,3374250,3265200,17300,17300,17260,222,222.41
11:50:53,17298,17300,265.3,222.55,212.95,224.5,-42.75,10559000,15933300,3374250,3265200,17300,17300,17258,222,222.42
11:51:06,17294,17300,265.3,223.0,212.95,224.5,-42.3,10607450,15920500,3374250,3265200,17300,17300,17258,223,222.49
11:51:19,17297,17300,265.3,223.85,212.95,224.5,-41.45,10861650,15929900,3417500,3229050,17300,17300,17257,224,222.62
11:51:30,17298,17300,265.3,222.6,212.95,224.5,-42.7,10862250,15935400,3417500,3229050,17300,17300,17258,223,222.62
11:51:42,17299,17300,265.3,221.55,212.95,224.5,-43.75,10862100,15937250,3417500,3229050,17300,17300,17260,222,222.53
11:51:55,17301,17300,265.3,221.75,212.95,224.5,-43.55,10857700,15936600,3417500,3229050,17300,17300,17259,222,222.47
11:52:09,17300,17300,265.3,221.3,212.95,224.5,-44.0,10857700,15936600,3417500,3229050,17300,17300,17258,221,222.39
11:52:21,17298,17300,265.3,222.1,212.95,224.5,-43.2,10857700,15936600,3417500,3229050,17300,17300,17257,222,222.37
11:52:33,17290,17300,265.3,224.0,212.95,224.5,-41.3,10857050,15936200,3417500,3229050,17300,17300,17254,224,222.47
11:52:43,17290,17300,265.3,224.5,212.95,224.5,-40.8,10856850,15936200,3417500,3229050,17300,17300,17251,224,222.59
11:52:53,17293,17300,265.3,223.35,212.95,224.5,-41.95,10855850,15936200,3417500,3229050,17300,17300,17251,224,222.63
11:53:04,17292,17300,265.3,224.25,212.95,224.5,-41.05,10855800,15936200,3417500,3229050,17300,17300,17253,224,222.72
11:53:15,17291,17300,265.3,224.65,212.95,224.5,-40.65,10855800,15932800,3417500,3229050,17300,17300,17252,225,222.81
11:53:26,17291,17300,265.3,222.9,212.95,224.5,-42.4,10855800,15931900,3417500,3229050,17300,17300,17252,223,222.82
11:53:37,17291,17300,265.3,223.05,212.95,224.5,-42.25,10853250,15931900,3417500,3229050,17300,17300,17252,223,222.83
11:53:49,17289,17300,265.3,224.0,212.95,224.5,-41.3,10853250,15931900,3417500,3229050,17300,17300,17251,224,222.88
11:53:59,17292,17300,265.3,223.65,212.95,224.5,-41.65,10853150,15931200,3417500,3229050,17300,17300,17253,224,222.91
11:54:10,17292,17300,265.3,223.15,212.95,224.5,-42.15,11038000,15770550,3516250,3164050,17300,17300,17251,223,222.92
11:54:22,17291,17300,265.3,223.0,212.95,224.5,-42.3,11048500,15769750,3516250,3164050,17300,17300,17252,223,222.92
11:54:33,17289,17300,265.3,222.25,212.95,224.5,-43.05,11044800,15751950,3516250,3164050,17300,17300,17249,222,222.9
11:54:44,17291,17300,265.3,222.7,212.95,224.5,-42.6,11039050,15749500,3516250,3164050,17300,17300,17250,223,222.89
11:54:54,17291,17300,265.3,222.05,212.95,224.5,-43.25,11039500,15746300,3516250,3164050,17300,17300,17251,223,222.86
11:55:05,17291,17300,265.3,221.2,212.95,224.5,-44.1,11038850,15746200,3516250,3164050,17300,17300,17251,221,222.81
11:55:16,17290,17300,265.3,222.35,212.95,224.5,-42.95,11038850,15746200,3516250,3164050,17300,17300,17251,223,222.79
11:55:28,17302,17300,265.3,219.1,212.95,224.5,-46.2,11038200,15745450,3516250,3164050,17300,17300,17260,219,222.68
11:55:40,17304,17300,265.3,219.35,212.95,224.5,-45.95,11037850,15745450,3516250,3164050,17300,17300,17261,220,222.58
11:55:53,17302,17300,265.3,220.55,212.95,224.5,-44.75,11037750,15745450,3516250,3164050,17300,17300,17262,220,222.52
11:56:04,17298,17300,265.3,220.8,212.95,224.5,-44.5,11038650,15745450,3516250,3164050,17300,17300,17260,221,222.47
11:56:16,17302,17300,265.3,220.3,212.95,224.5,-45.0,11038000,15745450,3516250,3164050,17300,17300,17261,220,222.41
11:56:29,17302,17300,265.3,219.45,212.95,224.5,-45.85,11037050,15745450,3516250,3164050,17300,17300,17262,219,222.33
11:56:42,17302,17300,265.3,220.15,212.95,224.5,-45.15,11037050,15745600,3516250,3164050,17300,17300,17261,220,222.27
11:56:55,17301,17300,265.3,220.3,212.95,224.5,-45.0,11037050,15745600,3516250,3164050,17300,17300,17260,221,222.22
11:57:08,17301,17300,265.3,220.5,212.95,224.5,-44.8,11024800,15733500,3516250,3164050,17300,17300,17260,221,222.18
11:57:20,17299,17300,265.3,220.95,212.95,224.5,-44.35,11131500,15753450,3511550,3137750,17300,17300,17259,221,222.15
11:57:33,17296,17300,265.3,220.6,212.95,224.5,-44.7,11131650,15741450,3511550,3137750,17300,17300,17257,221,222.11
11:57:44,17297,17300,265.3,221.5,212.95,224.5,-43.8,11113950,15723350,3511550,3137750,17300,17300,17258,221,222.1
11:57:57,17295,17300,265.3,222.0,212.95,224.5,-43.3,11109600,15718550,3511550,3137750,17300,17300,17258,222,222.09
11:58:08,17296,17300,265.3,222.05,212.95,224.5,-43.25,11109600,15718550,3511550,3137750,17300,17300,17256,222,222.09
11:58:19,17298,17300,265.3,220.65,212.95,224.5,-44.65,11112150,15716550,3511550,3137750,17300,17300,17258,221,222.06
11:58:31,17298,17300,265.3,222.0,212.95,224.5,-43.3,11112150,15716500,3511550,3137750,17300,17300,17258,222,222.06
11:58:43,17295,17300,265.3,221.55,212.95,224.5,-43.75,11112150,15718200,3511550,3137750,17300,17300,17256,222,222.05
11:58:54,17295,17300,265.3,221.8,212.95,224.5,-43.5,11111650,15718200,3511550,3137750,17300,17300,17257,222,222.04
11:59:03,17296,17300,265.3,221.6,212.95,224.5,-43.7,11111650,15718200,3511550,3137750,17300,17300,17257,222,222.04
11:59:13,17294,17300,265.3,221.75,212.95,224.5,-43.55,11112150,15718200,3511550,3137750,17300,17300,17256,222,222.03
11:59:23,17296,17300,265.3,221.65,212.95,224.5,-43.65,11112700,15718200,3511550,3137750,17300,17300,17256,222,222.02
11:59:33,17298,17300,265.3,221.05,212.95,224.5,-44.25,11112700,15718200,3511550,3137750,17300,17300,17257,221,222.0
11:59:44,17295,17300,265.3,221.8,212.95,224.5,-43.5,11114250,15718200,3511550,3137750,17300,17300,17256,221,222.0
11:59:54,17291,17300,265.3,223.1,212.95,224.5,-42.2,11105100,15718200,3511550,3137750,17300,17300,17255,223,222.02
12:00:05,17293,17300,265.3,224.1,212.95,224.5,-41.2,11134600,15728100,3511550,3137750,17300,17300,17254,224,222.06
12:00:15,17293,17300,265.3,222.35,212.95,224.5,-42.95,11231200,15773300,3541850,3148550,17300,17300,17257,223,222.06
12:00:26,17297,17300,265.3,222.25,212.95,224.5,-43.05,11211250,15770000,3541850,3148550,17300,17300,17258,222,222.07
12:00:38,17297,17300,265.3,222.05,212.95,224.5,-43.25,11211850,15769550,3541850,3148550,17300,17300,17258,222,222.07
12:00:48,17299,17300,265.3,220.5,212.95,224.5,-44.8,11211350,15769500,3541850,3148550,17300,17300,17259,221,222.04
12:01:00,17308,17300,265.3,219.2,212.95,224.5,-46.1,11211800,15765900,3541850,3148550,17300,17300,17264,219,221.99
12:01:13,17306,17300,265.3,220.05,212.95,224.5,-45.25,11210150,15760300,3541850,3148550,17300,17300,17264,219,221.96
12:01:25,17304,17300,265.3,220.3,212.95,224.5,-45.0,11210150,15760300,3541850,3148550,17300,17300,17266,220,221.94
12:01:37,17303,17300,265.3,220.9,212.95,224.5,-44.4,11210150,15760250,3541850,3148550,17300,17300,17263,221,221.92
12:01:51,17302,17300,265.3,220.9,212.95,224.5,-44.4,11210150,15760250,3541850,3148550,17300,17300,17264,222,221.9
12:02:03,17301,17300,265.3,221.35,212.95,224.5,-43.95,11210150,15759850,3541850,3148550,17300,17300,17263,222,221.9
12:02:18,17298,17300,265.3,221.7,212.95,224.5,-43.6,11209800,15750850,3541850,3148550,17300,17300,17260,222,221.89
12:02:29,17300,17300,265.3,221.75,212.95,224.5,-43.55,11209700,15750200,3541850,3148550,17300,17300,17260,222,221.89
12:02:41,17298,17300,265.3,221.8,212.95,224.5,-43.5,11209700,15749700,3541850,3148550,17300,17300,17259,222,221.89
12:02:51,17295,17300,265.3,222.6,212.95,224.5,-42.7,11209650,15749700,3541850,3148550,17300,17300,17256,222,221.9
12:03:02,17289,17300,265.3,223.2,212.95,224.5,-42.1,11209650,15749800,3541850,3148550,17300,17300,17251,224,221.92
12:03:12,17286,17300,265.3,223.4,212.95,224.5,-41.9,11245150,15705050,3541850,3148550,17300,17300,17249,224,221.94
12:03:22,17287,17300,265.3,222.45,212.95,224.5,-42.85,11254650,15699650,3568300,3134550,17300,17300,17250,222,221.95
12:03:33,17286,17300,265.3,223.4,212.95,224.5,-41.9,11255900,15698500,3568300,3134550,17300,17300,17250,224,221.96
12:03:42,17291,17300,265.3,221.6,212.95,224.5,-43.7,11255900,15697150,3568300,3134550,17300,17300,17251,222,221.96
12:03:53,17293,17300,265.3,222.9,212.95,224.5,-42.4,11255500,15697150,3568300,3134550,17300,17300,17254,223,221.97
12:04:04,17294,17300,265.3,221.45,212.95,224.5,-43.85,11253750,15696600,3568300,3134550,17300,17300,17255,221,221.97
12:04:15,17297,17300,265.3,221.2,212.95,224.5,-44.1,11251850,15696600,3568300,3134550,17300,17300,17255,222,221.96
12:04:27,17305,17300,265.3,218.9,212.95,224.5,-46.4,11251900,15696600,3568300,3134550,17300,17300,17262,220,221.92
12:04:39,17308,17300,265.3,216.55,212.95,224.5,-48.75,11251800,15696300,3568300,3134550,17300,17300,17267,217,221.85
12:04:52,17314,17300,265.3,216.9,212.95,224.5,-48.4,11251000,15696200,3568300,3134550,17300,17300,17266,217,221.79
12:05:03,17315,17300,265.3,217.15,212.95,224.5,-48.15,11250700,15696200,3568300,3134550,17300,17300,17272,217,221.73
12:05:16,17318,17300,265.3,215.85,212.95,224.5,-49.45,11250700,15695500,3568300,3134550,17300,17300,17274,216,221.66
12:05:26,17314,17300,265.3,216.6,212.95,224.5,-48.7,11250700,15695500,3568300,3134550,17300,17300,17270,217,221.6
12:05:37,17318,17300,265.3,216.45,212.95,224.5,-48.85,11250700,15695450,3568300,3134550,17300,17300,17274,217,221.54
12:05:50,17316,17300,265.3,216.4,212.95,224.5,-48.9,11250700,15694150,3568300,3134550,17300,17300,17273,217,221.48
12:06:02,17312,17300,265.3,217.05,212.95,224.5,-48.25,11250400,15694100,3568300,3134550,17300,17300,17270,217,221.43
12:06:14,17312,17300,265.3,217.0,212.95,224.5,-48.3,11089550,15625050,3666950,3055400,17300,17300,17268,217,221.38
12:06:25,17306,17300,265.3,217.4,212.95,224.5,-47.9,11089500,15567700,3666950,3055400,17300,17300,17266,218,221.33
12:06:36,17308,17300,265.3,218.1,212.95,224.5,-47.2,11090250,15566900,3666950,3055400,17300,17300,17265,218,221.3
12:06:48,17307,17300,265.3,218.1,212.95,224.5,-47.2,11090400,15567350,3666950,3055400,17300,17300,17267,219,221.26
12:06:59,17309,17300,265.3,217.75,212.95,224.5,-47.55,11090400,15567450,3666950,3055400,17300,17300,17266,217,221.23
12:07:11,17311,17300,265.3,218.45,212.95,224.5,-46.85,11090400,15567450,3666950,3055400,17300,17300,17268,218,221.2
12:07:25,17314,17300,265.3,217.4,212.95,224.5,-47.9,11090500,15567200,3666950,3055400,17300,17300,17270,217,221.16
12:07:35,17314,17300,265.3,217.25,212.95,224.5,-48.05,11090650,15567200,3666950,3055400,17300,17300,17269,217,221.11
12:07:47,17310,17300,265.3,217.25,212.95,224.5,-48.05,11090650,15567200,3666950,3055400,17300,17300,17268,218,221.07
12:07:58,17311,17300,265.3,216.8,212.95,224.5,-48.5,11090650,15567200,3666950,3055400,17300,17300,17270,217,221.03
12:08:10,17313,17300,265.3,217.35,212.95,224.5,-47.95,11090650,15567200,3666950,3055400,17300,17300,17268,217,220.99
12:08:22,17310,17300,265.3,216.65,212.95,224.5,-48.65,11090650,15560050,3666950,3055400,17300,17300,17268,218,220.95
12:08:34,17310,17300,265.3,217.4,212.95,224.5,-47.9,11090650,15560050,3666950,3055400,17300,17300,17268,217,220.91
12:08:47,17305,17300,265.3,217.75,212.95,224.5,-47.55,11092500,15560050,3666950,3055400,17300,17300,17264,218,220.88
12:08:58,17305,17300,265.3,218.25,212.95,224.5,-47.05,11092500,15560050,3666950,3055400,17300,17300,17264,218,220.86
12:09:10,17299,17300,265.3,218.8,212.95,224.5,-46.5,11125150,15554650,3666950,3055400,17300,17300,17259,219,220.84
12:09:21,17300,17300,265.3,218.7,212.95,224.5,-46.6,11259250,15678500,3757750,3044500,17300,17300,17260,219,220.82
12:09:31,17300,17300,265.3,219.6,212.95,224.5,-45.7,11266350,15678150,3757750,3044500,17300,17300,17259,219,220.8
12:09:43,17301,17300,265.3,219.75,212.95,224.5,-45.55,11264250,15678150,3757750,3044500,17300,17300,17258,220,220.79
12:09:53,17299,17300,265.3,220.15,212.95,224.5,-45.15,11266550,15672900,3757750,3044500,17300,17300,17259,220,220.79
12:10:02,17301,17300,265.3,219.9,212.95,224.5,-45.4,11266750,15672900,3757750,3044500,17300,17300,17260,220,220.78
12:10:13,17302,17300,265.3,220.25,212.95,224.5,-45.05,11267300,15672900,3757750,3044500,17300,17300,17260,220,220.77
12:10:24,17302,17300,265.3,219.4,212.95,224.5,-45.9,11267100,15672850,3757750,3044500,17300,17300,17260,219,220.76
12:10:38,17302,17300,265.3,219.5,212.95,224.5,-45.8,11267050,15672700,3757750,3044500,17300,17300,17261,220,220.75
12:10:49,17303,17300,265.3,219.4,212.95,224.5,-45.9,11267050,15671650,3757750,3044500,17300,17300,17263,219,220.74
12:11:00,17305,17300,265.3,218.9,212.95,224.5,-46.4,11267050,15671650,3757750,3044500,17300,17300,17264,219,220.72
12:11:11,17304,17300,265.3,219.05,212.95,224.5,-46.25,11266900,15671650,3757750,3044500,17300,17300,17266,219,220.71
12:11:23,17304,17300,265.3,219.25,212.95,224.5,-46.05,11266900,15671650,3757750,3044500,17300,17300,17264,220,220.7
12:11:35,17300,17300,265.3,220.1,212.95,224.5,-45.2,11267950,15671650,3757750,3044500,17300,17300,17261,220,220.69
12:11:46,17300,17300,265.3,219.5,212.95,224.5,-45.8,11267950,15671300,3757750,3044500,17300,17300,17259,220,220.68
12:11:55,17299,17300,265.3,220.5,212.95,224.5,-44.8,11268000,15671300,3757750,3044500,17300,17300,17259,221,220.68
12:12:06,17295,17300,265.3,220.5,212.95,224.5,-44.8,11287800,15674650,3757750,3044500,17300,17300,17259,220,220.68
12:12:16,17300,17300,265.3,220.7,212.95,224.5,-44.6,11426600,15740400,3779650,3062400,17300,17300,17261,220,220.68
12:12:29,17300,17300,265.3,220.6,212.95,224.5,-44.7,11413400,15750500,3779650,3062400,17300,17300,17261,220,220.68
12:12:40,17301,17300,265.3,220.45,212.95,224.5,-44.85,11413800,15750550,3779650,3062400,17300,17300,17261,221,220.67
12:12:50,17300,17300,265.3,220.5,212.95,224.5,-44.8,11415250,15750500,3779650,3062400,17300,17300,17261,220,220.67
12:13:02,17302,17300,265.3,219.4,212.95,224.5,-45.9,11415350,15751500,3779650,3062400,17300,17300,17263,220,220.66
12:13:12,17306,17300,265.3,218.55,212.95,224.5,-46.75,11415050,15751200,3779650,3062400,17300,17300,17264,219,220.65
12:13:24,17305,17300,265.3,219.55,212.95,224.5,-45.75,11415050,15751200,3779650,3062400,17300,17300,17264,220,220.64
12:13:35,17311,17300,265.3,217.95,212.95,224.5,-47.35,11415050,15751100,3779650,3062400,17300,17300,17268,218,220.62
12:13:47,17306,17300,265.3,219.4,212.95,224.5,-45.9,11414950,15751100,3779650,3062400,17300,17300,17268,218,220.61
12:13:57,17308,17300,265.3,219.4,212.95,224.5,-45.9,11414950,15751100,3779650,3062400,17300,17300,17266,220,220.6
12:14:09,17303,17300,265.3,219.45,212.95,224.5,-45.85,11414950,15751100,3779650,3062400,17300,17300,17265,219,220.59
12:14:20,17306,17300,265.3,219.85,212.95,224.5,-45.45,11414550,15751100,3779650,3062400,17300,17300,17264,220,220.58
12:14:31,17306,17300,265.3,219.7,212.95,224.5,-45.6,11414450,15750900,3779650,3062400,17300,17300,17265,220,220.58
12:14:42,17306,17300,265.3,219.7,212.95,224.5,-45.6,11414500,15750900,3779650,3062400,17300,17300,17266,219,220.57
12:14:53,17308,17300,265.3,218.75,212.95,224.5,-46.55,11414350,15750900,3779650,3062400,17300,17300,17265,219,220.56
12:15:05,17305,17300,265.3,218.05,212.95,224.5,-47.25,11414350,15750900,3779650,3062400,17300,17300,17265,218,220.54
12:15:17,17304,17300,265.3,219.5,212.95,224.5,-45.8,11420850,15783250,3805400,3060450,17300,17300,17261,218,220.53
12:15:31,17305,17300,265.3,219.8,212.95,224.5,-45.5,11417450,15779600,3805400,3060450,17300,17300,17262,220,220.52
12:15:46,17304,17300,265.3,219.8,212.95,224.5,-45.5,11417450,15778150,3805400,3060450,17300,17300,17262,220,220.52
12:15:58,17307,17300,265.3,219.9,212.95,224.5,-45.4,11417450,15778150,3805400,3060450,17300,17300,17262,220,220.51
12:16:25,17301,17300,265.3,219.85,212.95,224.5,-45.45,11413900,15778650,3805400,3060450,17300,17300,17259,220,220.51
12:16:35,17304,17300,265.3,219.85,212.95,224.5,-45.45,11410650,15778700,3805400,3060450,17300,17300,17259,220,220.51
12:16:46,17300,17300,265.3,220.85,212.95,224.5,-44.45,11410700,15778900,3805400,3060450,17300,17300,17258,221,220.51
12:16:56,17300,17300,265.3,220.95,212.95,224.5,-44.35,11408250,15779200,3805400,3060450,17300,17300,17258,221,220.51
12:17:06,17305,17300,265.3,220.0,212.95,224.5,-45.3,11408400,15779200,3805400,3060450,17300,17300,17259,220,220.51
12:17:18,17300,17300,265.3,220.05,212.95,224.5,-45.25,11407700,15779150,3805400,3060450,17300,17300,17259,220,220.5
12:17:28,17303,17300,265.3,219.45,212.95,224.5,-45.85,11407700,15778900,3805400,3060450,17300,17300,17261,220,220.5
12:17:42,17303,17300,265.3,219.4,212.95,224.5,-45.9,11407700,15778700,3805400,3060450,17300,17300,17260,219,220.49
12:17:54,17304,17300,265.3,219.05,212.95,224.5,-46.25,11407700,15778550,3805400,3060450,17300,17300,17260,219,220.48
12:18:06,17309,17300,265.3,218.5,212.95,224.5,-46.8,11407700,15778550,3805400,3060450,17300,17300,17263,219,220.47
12:18:18,17311,17300,265.3,218.55,212.95,224.5,-46.75,11431700,15878800,3860550,3075200,17300,17300,17265,218,220.45
12:18:28,17314,17300,265.3,217.7,212.95,224.5,-47.6,11430550,15877300,3860550,3075200,17300,17300,17269,217,220.44
12:18:41,17315,17300,265.3,218.1,212.95,224.5,-47.2,11430850,15878150,3860550,3075200,17300,17300,17270,218,220.42
12:18:53,17313,17300,265.3,217.95,212.95,224.5,-47.35,11430850,15878000,3860550,3075200,17300,17300,17270,218,220.4
12:19:04,17312,17300,265.3,217.9,212.95,224.5,-47.4,11430750,15878000,3860550,3075200,17300,17300,17268,218,220.39
12:19:27,17310,17300,265.3,218.6,212.95,224.5,-46.7,11430000,15878000,3860550,3075200,17300,17300,17267,218,220.38
12:19:38,17309,17300,265.3,218.15,212.95,224.5,-47.15,11427850,15877600,3860550,3075200,17300,17300,17268,218,220.36
12:19:51,17310,17300,265.3,218.25,212.95,224.5,-47.05,11427850,15877500,3860550,3075200,17300,17300,17267,218,220.35
12:20:01,17309,17300,265.3,218.0,212.95,224.5,-47.3,11427850,15877650,3860550,3075200,17300,17300,17266,218,220.33
12:20:13,17312,17300,265.3,217.8,212.95,224.5,-47.5,11427850,15877650,3860550,3075200,17300,17300,17267,218,220.32
12:20:25,17314,17300,265.3,217.8,212.95,224.5,-47.5,11427100,15877650,3860550,3075200,17300,17300,17268,218,220.3
12:20:36,17316,17300,265.3,217.6,212.95,224.5,-47.7,11427050,15877650,3860550,3075200,17300,17300,17271,217,220.29
12:20:48,17315,17300,265.3,217.2,212.95,224.5,-48.1,11427050,15877650,3860550,3075200,17300,17300,17272,217,220.27
12:21:00,17314,17300,265.3,217.55,212.95,224.5,-47.75,11426200,15877650,3860550,3075200,17300,17300,17271,217,220.25
12:21:11,17312,17300,265.3,217.75,212.95,224.5,-47.55,11355000,15861950,3860550,3075200,17300,17300,17269,218,220.23
12:21:24,17313,17300,265.3,217.55,212.95,224.5,-47.75,11297350,15850300,3858250,3053600,17300,17300,17269,218,220.22
12:21:34,17313,17300,265.3,217.85,212.95,224.5,-47.45,11295050,15856800,3858250,3053600,17300,17300,17268,218,220.2
12:21:45,17315,17300,265.3,217.35,212.95,224.5,-47.95,11277300,15856250,3858250,3053600,17300,17300,17270,217,220.19
12:21:57,17316,17300,265.3,216.35,212.95,224.5,-48.95,11277250,15857150,3858250,3053600,17300,17300,17270,217,220.16
12:22:09,17314,17300,265.3,217.35,212.95,224.5,-47.95,11277250,15857150,3858250,3053600,17300,17300,17272,217,220.15
12:22:20,17315,17300,265.3,218.1,212.95,224.5,-47.2,11277100,15857150,3858250,3053600,17300,17300,17271,218,220.14
12:22:32,17316,17300,265.3,217.5,212.95,224.5,-47.8,11277900,15857150,3858250,3053600,17300,17300,17271,218,220.12
12:22:42,17319,17300,265.3,216.55,212.95,224.5,-48.75,11277700,15857850,3858250,3053600,17300,17300,17272,216,220.1
12:23:05,17315,17300,265.3,217.2,212.95,224.5,-48.1,11277650,15856300,3858250,3053600,17300,17300,17272,216,220.08
12:23:17,17317,17300,265.3,217.4,212.95,224.5,-47.9,11277650,15856350,3858250,3053600,17300,17300,17271,217,220.07
12:23:27,17318,17300,265.3,216.4,212.95,224.5,-48.9,11277600,15856350,3858250,3053600,17300,17300,17274,216,220.05
12:23:38,17316,17300,265.3,217.25,212.95,224.5,-48.05,11277750,15856350,3858250,3053600,17300,17300,17273,217,220.03
12:23:50,17318,17300,265.3,217.05,212.95,224.5,-48.25,11275250,15856400,3858250,3053600,17300,17300,17272,217,220.01
12:24:03,17317,17300,265.3,216.6,212.95,224.5,-48.7,11275250,15856400,3858250,3053600,17300,17300,17272,217,219.99
12:24:13,17315,17300,265.3,216.7,212.95,224.5,-48.6,11283700,15895200,3858250,3053600,17300,17300,17271,217,219.98
12:24:25,17318,17300,265.3,215.7,212.95,224.5,-49.6,11365700,15989350,3905000,3107900,17300,17300,17273,217,219.95
12:24:41,17320,17300,265.3,215.55,212.95,224.5,-49.75,11367350,15988100,3905000,3107900,17300,17300,17273,216,219.93
12:24:53,17323,17300,265.3,215.25,212.95,224.5,-50.05,11366500,15988100,3905000,3107900,17300,17300,17276,215,219.9
12:25:04,17321,17300,265.3,215.45,212.95,224.5,-49.85,11317800,15983900,3905000,3107900,17300,17300,17275,216,219.88
12:25:16,17325,17300,265.3,213.65,212.95,224.5,-51.65,11318550,15980900,3905000,3107900,17300,17300,17280,214,219.84
12:25:29,17322,17300,265.3,214.05,212.95,224.5,-51.25,11317950,15980950,3905000,3107900,17300,17300,17279,214,219.81
12:25:41,17321,17300,265.3,214.5,212.95,224.5,-50.8,11319550,15980950,3905000,3107900,17300,17300,17278,214,219.78
12:25:53,17323,17300,265.3,214.95,212.95,224.5,-50.35,11319550,15980950,3905000,3107900,17300,17300,17279,215,219.76
12:26:03,17324,17300,265.3,214.5,212.95,224.5,-50.8,11319550,15980950,3905000,3107900,17300,17300,17280,214,219.73
12:26:15,17322,17300,265.3,212.9,212.95,224.5,-52.4,11319550,15981000,3905000,3107900,17300,17300,17279,214,219.69
12:26:27,17323,17300,265.3,214.2,212.95,224.5,-51.1,11319550,15981000,3905000,3107900,17300,17300,17278,214,219.66
12:26:38,17321,17300,265.3,214.3,212.95,224.5,-51.0,11319550,15981000,3905000,3107900,17300,17300,17278,214,219.64
12:26:50,17323,17300,265.3,213.85,212.95,224.5,-51.45,11317650,15981000,3905000,3107900,17300,17300,17279,214,219.61
12:27:03,17324,17300,265.3,214.35,212.95,224.5,-50.95,11317650,15981000,3905000,3107900,17300,17300,17279,214,219.58
12:27:15,17324,17300,265.3,212.8,212.95,224.5,-52.5,11301100,16042450,3905000,3107900,17300,17300,17280,213,219.54
12:27:26,17323,17300,265.3,212.6,212.95,224.5,-52.7,11207400,16072500,3672550,3118250,17300,17300,17280,212,219.51
12:27:36,17325,17300,265.3,212.5,212.95,224.5,-52.8,11203150,16074350,3672550,3118250,17300,17300,17281,212,219.47
12:27:47,17327,17300,265.3,213.0,212.95,224.5,-52.3,11202350,16073900,3672550,3118250,17300,17300,17281,213,219.44
12:27:57,17326,17300,265.3,213.45,212.95,224.5,-51.85,11202350,16073900,3672550,3118250,17300,17300,17280,213,219.41
12:28:08,17325,17300,265.3,213.65,212.95,224.5,-51.65,11201300,16072900,3672550,3118250,17300,17300,17279,213,219.38
12:28:20,17324,17300,265.3,213.45,212.95,224.5,-51.85,11201400,16072900,3672550,3118250,17300,17300,17279,213,219.35
12:28:32,17322,17300,265.3,213.65,212.95,224.5,-51.65,11203650,16072600,3672550,3118250,17300,17300,17278,213,219.32
12:28:44,17324,17300,265.3,213.6,212.95,224.5,-51.7,11203650,16072600,3672550,3118250,17300,17300,17280,214,219.29
12:28:56,17324,17300,265.3,213.15,212.95,224.5,-52.15,11203650,16072300,3672550,3118250,17300,17300,17280,214,219.26
12:29:08,17324,17300,265.3,213.8,212.95,224.5,-51.5,11203650,16071300,3672550,3118250,17300,17300,17279,214,219.24
12:29:19,17325,17300,265.3,213.5,212.95,224.5,-51.8,11203600,16071300,3672550,3118250,17300,17300,17280,213,219.21
12:29:31,17328,17300,265.3,212.9,212.95,224.5,-52.4,11203250,16071300,3672550,3118250,17300,17300,17281,213,219.18
12:29:41,17328,17300,265.3,213.1,212.95,224.5,-52.2,11203250,16071350,3672550,3118250,17300,17300,17281,213,219.15
12:29:53,17326,17300,265.3,212.75,212.95,224.5,-52.55,11203250,16071350,3672550,3118250,17300,17300,17281,213,219.12
12:30:04,17329,17300,265.3,212.35,212.95,224.5,-52.95,11203250,16071350,3672550,3118250,17300,17300,17280,213,219.09
12:30:13,17324,17300,265.3,213.1,212.95,224.5,-52.2,11180900,16125850,3672550,3118250,17300,17300,17279,213,219.06
12:30:26,17321,17300,265.3,213.75,212.95,224.5,-51.55,11160400,16314250,3645900,3118350,17300,17300,17277,214,219.03
12:30:38,17320,17300,265.3,213.65,212.95,224.5,-51.65,11143200,16327400,3645900,3118350,17300,17300,17276,213,219.01
12:30:49,17320,17300,265.3,213.7,212.95,224.5,-51.6,11143200,16327800,3645900,3118350,17300,17300,17276,213,218.98
12:31:01,17321,17300,265.3,214.0,212.95,224.5,-51.3,11143500,16327300,3645900,3118350,17300,17300,17276,214,218.96
12:31:11,17320,17300,265.3,213.6,212.95,224.5,-51.7,11143550,16327300,3645900,3118350,17300,17300,17276,214,218.93
12:31:24,17322,17300,265.3,214.0,212.95,224.5,-51.3,11139650,16327300,3645900,3118350,17300,17300,17275,214,218.91
12:31:36,17318,17300,265.3,215.3,212.95,224.5,-50.0,11141550,16327300,3645900,3118350,17300,17300,17274,215,218.89
12:31:47,17315,17300,265.3,214.8,212.95,224.5,-50.5,11141300,16327350,3645900,3118350,17300,17300,17272,215,218.88
12:31:59,17318,17300,265.3,214.95,212.95,224.5,-50.35,11141300,16324900,3645900,3118350,17300,17300,17273,215,218.86
12:32:12,17316,17300,265.3,214.95,212.95,224.5,-50.35,11140700,16324900,3645900,3118350,17300,17300,17272,215,218.84
12:32:24,17316,17300,265.3,214.65,212.95,224.5,-50.65,11140700,16324900,3645900,3118350,17300,17300,17272,215,218.82
12:32:35,17316,17300,265.3,214.75,212.95,224.5,-50.55,11140700,16324950,3645900,3118350,17300,17300,17270,215,218.8
12:32:47,17312,17300,265.3,214.15,212.95,224.5,-51.15,11140700,16320750,3645900,3118350,17300,17300,17269,214,218.78
12:32:59,17312,17300,265.3,214.2,212.95,224.5,-51.1,11140700,16320750,3645900,3118350,17300,17300,17268,214,218.76
12:33:10,17312,17300,265.3,213.45,212.95,224.5,-51.85,11286550,16320750,3645900,3118350,17300,17300,17267,214,218.74
12:33:23,17313,17300,265.3,213.3,212.95,224.5,-52.0,11439550,16347200,3704550,3172400,17300,17300,17268,213,218.71
12:33:35,17311,17300,265.3,212.8,212.95,224.5,-52.5,11428250,16344300,3704550,3172400,17300,17300,17267,213,218.69
12:33:45,17312,17300,265.3,213.55,212.95,224.5,-51.75,11429450,16343850,3704550,3172400,17300,17300,17267,214,218.67
12:33:59,17313,17300,265.3,213.3,212.95,224.5,-52.0,11429150,16335550,3704550,3172400,17300,17300,17266,214,218.64
12:34:11,17313,17300,265.3,213.05,212.95,224.5,-52.25,11431350,16335350,3704550,3172400,17300,17300,17266,214,218.62
12:34:22,17315,17300,265.3,212.5,212.95,224.5,-52.8,11430200,16335100,3704550,3172400,17300,17300,17269,212,218.59
12:34:32,17315,17300,265.3,212.8,212.95,224.5,-52.5,11430050,16335100,3704550,3172400,17300,17300,17269,213,218.57
12:34:43,17315,17300,265.3,213.45,212.95,224.5,-51.85,11428850,16334600,3704550,3172400,17300,17300,17269,213,218.54
12:34:56,17313,17300,265.3,213.0,212.95,224.5,-52.3,11423950,16334600,3704550,3172400,17300,17300,17268,213,218.52
12:35:09,17306,17300,265.3,212.95,212.95,224.5,-52.35,11423650,16334600,3704550,3172400,17300,17300,17266,214,218.5
12:35:20,17312,17300,265.3,213.0,212.95,224.5,-52.3,11423650,16334600,3704550,3172400,17300,17300,17267,213,218.47
12:35:33,17312,17300,265.3,213.55,212.95,224.5,-51.75,11423650,16334600,3704550,3172400,17300,17300,17267,213,218.45
12:35:45,17312,17300,265.3,212.15,212.95,224.5,-53.15,11423650,16334350,3704550,3172400,17300,17300,17269,213,218.43
12:35:55,17313,17300,265.3,212.6,212.95,224.5,-52.7,11423000,16334250,3704550,3172400,17300,17300,17269,212,218.4
12:36:06,17312,17300,265.3,213.15,212.95,224.5,-52.15,11423000,16334150,3704550,3172400,17300,17300,17269,212,218.38
12:36:16,17311,17300,265.3,212.55,212.95,224.5,-52.75,11582300,16334500,3704550,3172400,17300,17300,17268,213,218.36
12:36:27,17313,17300,265.3,211.3,212.95,224.5,-54.0,11553100,16397900,3594300,3181900,17300,17300,17270,212,218.33
12:36:39,17313,17300,265.3,211.95,212.95,224.5,-53.35,11554100,16397900,3594300,3181900,17300,17300,17272,212,218.3
12:36:49,17314,17300,265.3,211.6,212.95,224.5,-53.7,11540750,16398900,3594300,3181900,17300,17300,17271,212,218.27
12:37:00,17315,17300,265.3,211.05,212.95,224.5,-54.25,11534950,16398700,3594300,3181900,17300,17300,17272,211,218.24
12:37:12,17316,17300,265.3,210.4,212.95,224.5,-54.9,11534950,16398700,3594300,3181900,17300,17300,17273,210,218.21
12:37:22,17317,17300,265.3,209.15,212.95,224.5,-56.15,11535200,16398700,3594300,3181900,17300,17300,17273,209,218.17
12:37:33,17318,17300,265.3,210.5,212.95,224.5,-54.8,11537600,16399350,3594300,3181900,17300,17300,17274,210,218.14
12:37:43,17318,17300,265.3,211.1,212.95,224.5,-54.2,11537600,16399350,3594300,3181900,17300,17300,17274,211,218.12
12:37:53,17317,17300,265.3,210.9,212.95,224.5,-54.4,11537600,16399350,3594300,3181900,17300,17300,17274,211,218.09
12:38:04,17318,17300,265.3,211.4,212.95,224.5,-53.9,11537450,16399350,3594300,3181900,17300,17300,17274,212,218.06
12:38:15,17318,17300,265.3,211.8,212.95,224.5,-53.5,11537200,16399350,3594300,3181900,17300,17300,17274,212,218.04
12:38:25,17315,17300,265.3,211.95,212.95,224.5,-53.35,11537200,16399350,3594300,3181900,17300,17300,17273,212,218.01
12:38:36,17314,17300,265.3,212.2,212.95,224.5,-53.1,11537000,16399200,3594300,3181900,17300,17300,17273,212,217.99
12:38:46,17313,17300,265.3,212.45,212.95,224.5,-52.85,11537000,16399200,3594300,3181900,17300,17300,17272,212,217.97
12:38:56,17312,17300,265.3,212.25,212.95,224.5,-53.05,11537000,16399200,3594300,3181900,17300,17300,17272,212,217.94
12:39:08,17311,17300,265.3,212.95,212.95,224.5,-52.35,11535450,16398600,3594300,3181900,17300,17300,17271,213,217.92
12:39:18,17309,17300,265.3,213.3,212.95,224.5,-52.0,11526950,16414350,3594300,3181900,17300,17300,17269,213,217.91
12:39:29,17309,17300,265.3,213.3,212.95,224.5,-52.0,11459350,16370800,3471100,3162750,17300,17300,17268,213,217.89
12:39:42,17303,17300,265.3,213.75,212.95,224.5,-51.55,11453850,16347100,3471100,3162750,17300,17300,17266,213,217.87
12:39:51,17302,17300,265.3,214.05,212.95,224.5,-51.25,11451800,16346400,3471100,3162750,17300,17300,17265,214,217.86
12:40:02,17304,17300,265.3,213.65,212.95,224.5,-51.65,11451750,16346350,3471100,3162750,17300,17300,17264,214,217.84
12:40:14,17306,17300,265.3,214.2,212.95,224.5,-51.1,11451750,16346350,3471100,3162750,17300,17300,17267,214,217.83
12:40:25,17302,17300,265.3,213.8,212.95,224.5,-51.5,11450400,16346300,3471100,3162750,17300,17300,17265,214,217.81
12:40:34,17305,17300,265.3,213.65,212.95,224.5,-51.65,11451500,16348200,3471100,3162750,17300,17300,17266,213,217.8
12:40:45,17304,17300,265.3,213.4,212.95,224.5,-51.9,11454350,16348400,3471100,3162750,17300,17300,17265,214,217.78
12:40:57,17295,17300,265.3,213.25,212.95,224.5,-52.05,11454400,16348400,3471100,3162750,17300,17300,17262,213,217.76
12:41:07,17296,17300,265.3,212.85,212.95,224.5,-52.45,11453450,16348400,3471100,3162750,17300,17300,17257,212,217.75
12:41:18,17299,17300,265.3,213.65,212.95,224.5,-51.65,11453250,16348300,3471100,3162750,17300,17300,17256,214,217.73
12:41:29,17297,17300,265.3,214.55,212.95,224.5,-50.75,11453250,16348250,3471100,3162750,17300,17300,17255,215,217.72
12:41:39,17296,17300,265.3,214.7,212.95,224.5,-50.6,11453250,16347950,3471100,3162750,17300,17300,17258,214,217.71
12:41:50,17298,17300,265.3,214.65,212.95,224.5,-50.65,11453200,16347950,3471100,3162750,17300,17300,17258,214,217.7
12:42:00,17299,17300,265.3,215.45,212.95,224.5,-49.85,11452700,16347950,3471100,3162750,17300,17300,17257,215,217.69
12:42:11,17300,17300,265.3,214.85,212.95,224.5,-50.45,11452700,16347950,3471100,3162750,17300,17300,17258,215,217.68
12:42:21,17303,17300,265.3,214.85,212.95,224.5,-50.45,11580700,16294650,3524950,3176750,17300,17300,17259,215,217.67
12:42:31,17301,17300,265.3,214.55,212.95,224.5,-50.75,11587700,16269150,3524950,3176750,17300,17300,17259,214,217.66
12:42:41,17305,17300,265.3,213.9,212.95,224.5,-51.4,11588900,16219800,3524950,3176750,17300,17300,17261,214,217.64
12:42:53,17306,17300,265.3,214.05,212.95,224.5,-51.25,11588900,16219800,3524950,3176750,17300,17300,17262,213,217.63
12:43:03,17308,17300,265.3,213.5,212.95,224.5,-51.8,11588900,16211950,3524950,3176750,17300,17300,17263,213,217.62
12:43:16,17305,17300,265.3,213.6,212.95,224.5,-51.7,11588900,16210350,3524950,3176750,17300,17300,17262,214,217.6
12:43:26,17305,17300,265.3,213.3,212.95,224.5,-52.0,11588800,16210350,3524950,3176750,17300,17300,17262,214,217.59
12:43:37,17307,17300,265.3,212.95,212.95,224.5,-52.35,11588700,16210350,3524950,3176750,17300,17300,17263,213,217.57
12:43:46,17307,17300,265.3,213.65,212.95,224.5,-51.65,11588700,16210350,3524950,3176750,17300,17300,17262,213,217.56
12:43:56,17305,17300,265.3,214.6,212.95,224.5,-50.7,11588650,16210350,3524950,3176750,17300,17300,17262,214,217.54
12:44:07,17306,17300,265.3,214.55,212.95,224.5,-50.75,11587650,16210350,3524950,3176750,17300,17300,17262,215,217.53
12:44:17,17306,17300,265.3,215.45,212.95,224.5,-49.85,11587650,16210300,3524950,3176750,17300,17300,17263,215,217.53
12:44:27,17303,17300,265.3,214.65,212.95,224.5,-50.65,11587650,16210300,3524950,3176750,17300,17300,17264,215,217.52
12:44:37,17306,17300,265.3,213.5,212.95,224.5,-51.8,11587650,16210300,3524950,3176750,17300,17300,17263,214,217.5
12:44:48,17309,17300,265.3,213.8,212.95,224.5,-51.5,11587650,16210300,3524950,3176750,17300,17300,17264,213,217.49
12:45:00,17308,17300,265.3,212.95,212.95,224.5,-52.35,11587650,16210300,3524950,3176750,17300,17300,17268,213,217.47
12:45:10,17310,17300,265.3,211.95,212.95,224.5,-53.35,11586900,16210300,3524950,3176750,17300,17300,17266,212,217.46
12:45:20,17316,17300,265.3,211.5,212.95,224.5,-53.8,11525400,16227500,3524950,3176750,17300,17300,17267,212,217.44
12:45:30,17313,17300,265.3,211.85,212.95,224.5,-53.45,11422800,16268800,3475150,3149100,17300,17300,17269,211,217.42
12:45:50,17314,17300,265.3,212.35,212.95,224.5,-52.95,11422200,16268800,3475150,3149100,17300,17300,17269,213,217.4
12:46:00,17315,17300,265.3,212.15,212.95,224.5,-53.15,11515500,16268800,3475150,3149100,17300,17300,17269,212,217.38
12:46:11,17317,17300,265.3,211.0,212.95,224.5,-54.3,11515500,16268800,3475150,3149100,17300,17300,17272,211,217.36
